Image	BBox	Label
img_100199.jpg	[771, 398, 1047, 711]	car
img_100199.jpg	[874, 274, 977, 406]	car
img_100199.jpg	[967, 244, 1015, 302]	car
img_100199.jpg	[1220, 312, 1277, 364]	motorbike
img_100199.jpg	[974, 290, 1013, 374]	motorbike
img_100199.jpg	[1017, 227, 1051, 268]	car
img_100199.jpg	[1149, 249, 1180, 299]	motorbike
img_100199.jpg	[1440, 347, 1488, 523]	motorbike
img_100199.jpg	[1104, 224, 1134, 253]	car
img_100199.jpg	[1178, 287, 1218, 340]	motorbike
img_100199.jpg	[1048, 228, 1070, 275]	motorbike
img_100199.jpg	[1059, 221, 1083, 245]	car
img_100199.jpg	[1171, 273, 1215, 316]	motorbike
img_100199.jpg	[1158, 268, 1194, 313]	motorbike
img_100199.jpg	[1080, 222, 1104, 244]	car
img_100400.jpg	[874, 275, 979, 407]	car
img_100400.jpg	[1015, 228, 1052, 265]	car
img_100400.jpg	[967, 244, 1017, 294]	car
img_100400.jpg	[1052, 225, 1080, 245]	car
img_100400.jpg	[1078, 224, 1106, 250]	car
img_100400.jpg	[1271, 317, 1334, 388]	motorbike
img_100400.jpg	[1105, 226, 1134, 250]	car
img_100400.jpg	[1217, 311, 1272, 359]	motorbike
img_100400.jpg	[1128, 242, 1156, 298]	motorbike
img_100400.jpg	[1150, 246, 1184, 304]	motorbike
img_100400.jpg	[973, 285, 1014, 375]	motorbike
img_100400.jpg	[968, 243, 1013, 271]	car
img_100400.jpg	[1177, 287, 1221, 337]	motorbike
img_100603.jpg	[1248, 441, 1548, 744]	car
img_100603.jpg	[966, 308, 1065, 452]	car
img_100603.jpg	[1535, 450, 1662, 583]	motorbike
img_100603.jpg	[871, 273, 980, 405]	car
img_100603.jpg	[967, 243, 1016, 306]	car
img_100603.jpg	[1282, 377, 1365, 443]	motorbike
img_100603.jpg	[1215, 311, 1275, 363]	motorbike
img_100603.jpg	[1014, 228, 1051, 265]	car
img_100603.jpg	[1049, 226, 1081, 251]	car
img_100603.jpg	[1125, 236, 1151, 274]	motorbike
img_100603.jpg	[1155, 260, 1196, 318]	motorbike
img_100603.jpg	[1181, 287, 1223, 339]	motorbike
img_100603.jpg	[1194, 284, 1252, 342]	motorbike
img_100603.jpg	[1109, 231, 1136, 260]	motorbike
img_100603.jpg	[968, 243, 1013, 271]	car
img_100603.jpg	[1081, 233, 1105, 256]	motorbike
img_100806.jpg	[1329, 422, 1697, 844]	car
img_100806.jpg	[968, 308, 1062, 452]	car
img_100806.jpg	[1124, 297, 1154, 364]	motorbike
img_100806.jpg	[869, 269, 984, 406]	car
img_100806.jpg	[966, 242, 1017, 305]	car
img_100806.jpg	[1228, 349, 1265, 428]	motorbike
img_100806.jpg	[1014, 229, 1050, 265]	car
img_100806.jpg	[1186, 282, 1219, 346]	motorbike
img_100806.jpg	[1052, 315, 1113, 417]	car
img_100806.jpg	[1156, 270, 1190, 317]	motorbike
img_100806.jpg	[1107, 226, 1133, 248]	car
img_100806.jpg	[1052, 227, 1085, 250]	car
img_101008.jpg	[1293, 332, 1450, 436]	car
img_101008.jpg	[967, 307, 1064, 449]	car
img_101008.jpg	[965, 243, 1018, 304]	car
img_101008.jpg	[866, 271, 981, 408]	truck
img_101008.jpg	[1012, 227, 1053, 267]	car
img_101008.jpg	[1216, 308, 1276, 363]	motorbike
img_101008.jpg	[1148, 247, 1192, 295]	car
img_101008.jpg	[1165, 285, 1225, 345]	motorbike
img_101008.jpg	[1107, 224, 1131, 249]	car
img_101210.jpg	[1706, 800, 2049, 1535]	car
img_101210.jpg	[874, 270, 981, 400]	car
img_101210.jpg	[1217, 311, 1278, 364]	motorbike
img_101210.jpg	[1012, 229, 1053, 265]	car
img_101210.jpg	[966, 243, 1015, 299]	car
img_101210.jpg	[1183, 292, 1220, 340]	motorbike
img_101210.jpg	[1149, 246, 1186, 298]	motorbike
img_101210.jpg	[1049, 225, 1077, 244]	car
img_101210.jpg	[1012, 264, 1042, 313]	motorbike
img_101210.jpg	[968, 243, 1014, 272]	car
img_101413.jpg	[968, 305, 1062, 451]	car
img_101413.jpg	[1147, 389, 1187, 466]	motorbike
img_101413.jpg	[870, 274, 979, 405]	car
img_101413.jpg	[968, 243, 1015, 302]	car
img_101413.jpg	[1666, 435, 1737, 557]	motorbike
img_101413.jpg	[1151, 248, 1181, 300]	motorbike
img_101413.jpg	[1123, 235, 1149, 275]	motorbike
img_101413.jpg	[1195, 302, 1265, 365]	motorbike
img_101413.jpg	[1189, 289, 1223, 367]	motorbike
img_101413.jpg	[846, 289, 885, 383]	car
img_101413.jpg	[1017, 228, 1053, 269]	car
img_101413.jpg	[1080, 223, 1106, 252]	motorbike
img_101413.jpg	[1114, 232, 1139, 262]	motorbike
img_101413.jpg	[969, 244, 1013, 273]	car
img_101413.jpg	[1051, 225, 1079, 246]	car
img_101616.jpg	[0, 777, 749, 1536]	car
img_101616.jpg	[873, 276, 979, 405]	car
img_101616.jpg	[1496, 315, 1586, 398]	car
img_101616.jpg	[966, 243, 1017, 298]	car
img_101616.jpg	[1086, 247, 1103, 288]	motorbike
img_101616.jpg	[972, 289, 1015, 375]	motorbike
img_101616.jpg	[1012, 229, 1049, 266]	car
img_101616.jpg	[1113, 245, 1138, 295]	motorbike
img_101616.jpg	[1157, 269, 1196, 316]	motorbike
img_101616.jpg	[1123, 246, 1153, 297]	motorbike
img_101616.jpg	[1179, 290, 1218, 340]	motorbike
img_101616.jpg	[1218, 308, 1269, 360]	motorbike
img_101616.jpg	[1076, 222, 1100, 246]	car
img_101616.jpg	[968, 244, 1013, 273]	car
img_101819.jpg	[846, 392, 1063, 620]	car
img_101819.jpg	[872, 275, 981, 402]	car
img_101819.jpg	[967, 242, 1016, 300]	car
img_101819.jpg	[1217, 310, 1278, 364]	motorbike
img_101819.jpg	[1037, 260, 1058, 316]	motorbike
img_101819.jpg	[1179, 291, 1223, 341]	motorbike
img_101819.jpg	[1016, 229, 1051, 265]	car
img_101819.jpg	[1048, 225, 1084, 248]	car
img_101819.jpg	[1150, 247, 1192, 301]	car
img_101819.jpg	[1109, 230, 1133, 271]	motorbike
img_102020.jpg	[812, 385, 1043, 664]	car
img_102020.jpg	[871, 275, 989, 391]	car
img_102020.jpg	[966, 242, 1018, 306]	car
img_102020.jpg	[1013, 226, 1052, 266]	car
img_102020.jpg	[1917, 924, 2048, 1317]	motorbike
img_102020.jpg	[1150, 246, 1195, 300]	car
img_102020.jpg	[1049, 225, 1073, 244]	car
img_102020.jpg	[982, 321, 1016, 376]	motorbike
img_102020.jpg	[1075, 234, 1101, 268]	motorbike
img_102020.jpg	[1075, 223, 1099, 248]	car
img_102223.jpg	[861, 380, 1073, 583]	car
img_102223.jpg	[873, 274, 981, 401]	car
img_102223.jpg	[1103, 262, 1125, 313]	motorbike
img_102223.jpg	[967, 243, 1018, 294]	car
img_102223.jpg	[1220, 312, 1268, 363]	motorbike
img_102223.jpg	[974, 285, 1014, 378]	motorbike
img_102223.jpg	[1179, 291, 1216, 341]	motorbike
img_102223.jpg	[1071, 224, 1102, 248]	car
img_102223.jpg	[1015, 230, 1051, 265]	car
img_102223.jpg	[1133, 247, 1157, 290]	motorbike
img_102223.jpg	[1150, 249, 1177, 297]	motorbike
img_102223.jpg	[1002, 267, 1030, 314]	motorbike
img_102223.jpg	[1158, 269, 1191, 316]	motorbike
img_102223.jpg	[1050, 231, 1070, 261]	motorbike
img_102223.jpg	[1200, 288, 1250, 343]	motorbike
img_102426.jpg	[1226, 362, 1331, 432]	motorbike
img_102426.jpg	[1571, 650, 1699, 846]	motorbike
img_102426.jpg	[1216, 312, 1276, 363]	motorbike
img_102426.jpg	[963, 244, 1019, 300]	car
img_102426.jpg	[963, 323, 1015, 376]	motorbike
img_102426.jpg	[1119, 267, 1157, 320]	motorbike
img_102426.jpg	[1119, 274, 1139, 317]	motorbike
img_102426.jpg	[1019, 242, 1048, 297]	motorbike
img_102426.jpg	[1048, 226, 1079, 247]	car
img_102426.jpg	[907, 326, 952, 377]	motorbike
img_102426.jpg	[1156, 268, 1198, 320]	motorbike
img_102426.jpg	[1019, 227, 1054, 248]	car
img_102426.jpg	[1151, 247, 1186, 301]	motorbike
img_102629.jpg	[544, 328, 826, 501]	car
img_102629.jpg	[1089, 248, 1111, 295]	motorbike
img_102629.jpg	[1220, 314, 1275, 362]	motorbike
img_102629.jpg	[1017, 228, 1051, 266]	car
img_102629.jpg	[971, 328, 1014, 375]	motorbike
img_102629.jpg	[965, 248, 1012, 292]	car
img_102629.jpg	[1176, 288, 1222, 341]	motorbike
img_102629.jpg	[970, 243, 1013, 272]	car
img_102629.jpg	[993, 291, 1023, 341]	motorbike
img_102629.jpg	[880, 336, 919, 402]	motorbike
img_102629.jpg	[1150, 250, 1183, 296]	motorbike
img_102629.jpg	[1075, 224, 1103, 248]	car
img_102831.jpg	[928, 368, 1129, 565]	car
img_102831.jpg	[1018, 228, 1053, 264]	car
img_102831.jpg	[962, 246, 1017, 295]	car
img_102831.jpg	[1217, 312, 1280, 363]	motorbike
img_102831.jpg	[1179, 286, 1218, 340]	motorbike
img_102831.jpg	[959, 294, 1015, 370]	motorbike
img_102831.jpg	[1073, 224, 1106, 253]	car
img_102831.jpg	[958, 287, 1014, 336]	car
img_102831.jpg	[887, 382, 915, 433]	motorbike
img_102831.jpg	[968, 243, 1016, 274]	car
img_102831.jpg	[1192, 286, 1261, 344]	motorbike
img_103033.jpg	[899, 343, 1072, 499]	car
img_103033.jpg	[1016, 229, 1051, 266]	car
img_103033.jpg	[1100, 259, 1130, 327]	motorbike
img_103033.jpg	[963, 243, 1022, 297]	car
img_103033.jpg	[1215, 311, 1280, 363]	motorbike
img_103033.jpg	[1156, 268, 1198, 317]	motorbike
img_103033.jpg	[915, 297, 948, 360]	motorbike
img_103033.jpg	[1193, 286, 1261, 341]	motorbike
img_103033.jpg	[1139, 242, 1165, 294]	motorbike
img_103033.jpg	[966, 243, 1018, 275]	car
img_103236.jpg	[1058, 243, 1187, 299]	car
img_103236.jpg	[955, 339, 1046, 406]	motorbike
img_103236.jpg	[357, 937, 538, 1236]	motorbike
img_103236.jpg	[958, 243, 1028, 303]	car
img_103236.jpg	[1019, 230, 1050, 263]	car
img_103236.jpg	[894, 303, 958, 369]	motorbike
img_103236.jpg	[1215, 312, 1299, 366]	motorbike
img_103439.jpg	[958, 261, 1019, 326]	car
img_103439.jpg	[1105, 261, 1167, 331]	car
img_103439.jpg	[1016, 229, 1049, 263]	car
img_103439.jpg	[1111, 258, 1163, 290]	car
img_103439.jpg	[898, 302, 971, 367]	motorbike
img_103439.jpg	[1100, 221, 1121, 245]	car
img_103439.jpg	[969, 242, 1014, 271]	car
img_103439.jpg	[1082, 218, 1104, 244]	car
img_103641.jpg	[659, 389, 936, 609]	car
img_103641.jpg	[1077, 274, 1155, 348]	car
img_103641.jpg	[958, 263, 1014, 322]	car
img_103641.jpg	[1073, 239, 1102, 260]	car
img_103641.jpg	[1016, 231, 1050, 264]	car
img_103641.jpg	[899, 300, 974, 370]	motorbike
img_103641.jpg	[1146, 251, 1180, 297]	car
img_103641.jpg	[1219, 310, 1291, 366]	motorbike
img_103641.jpg	[1158, 288, 1194, 339]	motorbike
img_103641.jpg	[971, 242, 1014, 270]	car
img_103641.jpg	[1206, 303, 1251, 359]	motorbike
img_103641.jpg	[1180, 290, 1226, 343]	motorbike
img_103844.jpg	[486, 471, 892, 877]	car
img_103844.jpg	[959, 257, 1020, 326]	car
img_103844.jpg	[1147, 248, 1179, 294]	car
img_103844.jpg	[1019, 230, 1052, 263]	car
img_103844.jpg	[1048, 222, 1077, 248]	car
img_103844.jpg	[893, 304, 975, 369]	motorbike
img_103844.jpg	[1239, 324, 1311, 374]	motorbike
img_103844.jpg	[1164, 255, 1214, 323]	car
img_103844.jpg	[1203, 308, 1252, 358]	motorbike
img_104046.jpg	[516, 535, 1040, 970]	car
img_104046.jpg	[1147, 251, 1176, 293]	car
img_104046.jpg	[1065, 247, 1099, 284]	motorbike
img_104046.jpg	[1019, 229, 1052, 264]	car
img_104046.jpg	[966, 299, 1013, 371]	motorbike
img_104046.jpg	[958, 261, 1011, 321]	car
img_104046.jpg	[1219, 312, 1289, 365]	motorbike
img_104046.jpg	[895, 302, 965, 369]	motorbike
img_104046.jpg	[1173, 282, 1220, 341]	motorbike
img_104046.jpg	[967, 242, 1017, 273]	car
img_104046.jpg	[1014, 283, 1040, 369]	motorbike
img_104046.jpg	[1169, 253, 1208, 296]	car
img_104046.jpg	[1194, 285, 1252, 344]	motorbike
img_104249.jpg	[957, 257, 1020, 323]	car
img_104249.jpg	[1147, 250, 1181, 292]	car
img_104249.jpg	[1017, 229, 1053, 263]	car
img_104249.jpg	[1978, 590, 2047, 712]	motorbike
img_104249.jpg	[898, 302, 973, 368]	motorbike
img_104249.jpg	[1078, 223, 1103, 247]	car
img_104249.jpg	[968, 242, 1017, 270]	car
img_104249.jpg	[1165, 255, 1215, 323]	car
img_104249.jpg	[1127, 239, 1151, 274]	car
img_104249.jpg	[1103, 225, 1131, 251]	car
img_104451.jpg	[1053, 265, 1112, 333]	car
img_104451.jpg	[957, 262, 1019, 325]	car
img_104451.jpg	[1017, 232, 1051, 263]	car
img_104451.jpg	[1148, 252, 1182, 291]	car
img_104451.jpg	[1222, 313, 1291, 366]	motorbike
img_104451.jpg	[1080, 222, 1111, 249]	car
img_104451.jpg	[1164, 257, 1214, 323]	car
img_104451.jpg	[1608, 476, 1646, 552]	motorbike
img_104451.jpg	[522, 795, 673, 1061]	motorbike
img_104451.jpg	[898, 303, 975, 369]	motorbike
img_104451.jpg	[1193, 286, 1251, 340]	motorbike
img_104451.jpg	[1056, 224, 1081, 245]	car
img_104451.jpg	[1042, 253, 1064, 296]	car
img_104451.jpg	[968, 242, 1016, 270]	car
img_104654.jpg	[627, 321, 876, 481]	car
img_104654.jpg	[959, 258, 1006, 326]	car
img_104654.jpg	[1019, 230, 1052, 262]	car
img_104654.jpg	[896, 303, 974, 369]	motorbike
img_104654.jpg	[1124, 267, 1149, 323]	motorbike
img_104654.jpg	[1214, 308, 1295, 366]	motorbike
img_104654.jpg	[0, 391, 33, 473]	motorbike
img_104654.jpg	[1149, 250, 1189, 300]	car
img_104654.jpg	[1192, 281, 1225, 346]	motorbike
img_104654.jpg	[969, 242, 1016, 271]	car
img_104654.jpg	[1105, 230, 1126, 264]	motorbike
img_104654.jpg	[1060, 225, 1081, 248]	car
img_104654.jpg	[1150, 258, 1180, 321]	motorbike
img_104857.jpg	[1076, 268, 1137, 326]	car
img_104857.jpg	[1650, 679, 2045, 1529]	car
img_104857.jpg	[1016, 228, 1057, 268]	car
img_104857.jpg	[897, 301, 971, 367]	motorbike
img_104857.jpg	[960, 258, 1008, 331]	car
img_104857.jpg	[1239, 321, 1311, 373]	motorbike
img_104857.jpg	[1001, 275, 1026, 344]	motorbike
img_104857.jpg	[1155, 258, 1202, 325]	car
img_104857.jpg	[1151, 252, 1197, 296]	car
img_104857.jpg	[1201, 304, 1255, 355]	motorbike
img_105059.jpg	[1063, 248, 1108, 302]	car
img_105059.jpg	[958, 258, 1019, 323]	car
img_105059.jpg	[1147, 250, 1179, 290]	car
img_105059.jpg	[1013, 228, 1049, 265]	car
img_105059.jpg	[901, 301, 973, 369]	motorbike
img_105059.jpg	[1166, 252, 1212, 298]	car
img_105261.jpg	[1053, 314, 1259, 442]	car
img_105261.jpg	[1235, 490, 1313, 680]	motorbike
img_105261.jpg	[958, 255, 1022, 323]	car
img_105261.jpg	[1016, 227, 1058, 265]	car
img_105261.jpg	[897, 301, 976, 368]	motorbike
img_105261.jpg	[1144, 250, 1180, 300]	car
img_105261.jpg	[1234, 311, 1312, 367]	motorbike
img_105261.jpg	[1075, 221, 1106, 245]	car
img_105464.jpg	[847, 369, 1045, 560]	car
img_105464.jpg	[958, 255, 1022, 324]	car
img_105464.jpg	[1108, 257, 1163, 321]	car
img_105464.jpg	[914, 301, 980, 364]	motorbike
img_105464.jpg	[1238, 320, 1310, 373]	motorbike
img_105464.jpg	[1148, 252, 1186, 288]	car
img_105464.jpg	[1017, 231, 1047, 266]	car
img_105464.jpg	[1197, 284, 1248, 348]	motorbike
img_105464.jpg	[970, 242, 1012, 271]	car
img_105464.jpg	[1167, 254, 1211, 293]	car
img_105667.jpg	[960, 253, 1022, 324]	car
img_105667.jpg	[1019, 228, 1052, 264]	car
img_105667.jpg	[1147, 251, 1178, 291]	car
img_105667.jpg	[899, 301, 975, 368]	motorbike
img_105667.jpg	[1241, 322, 1305, 375]	motorbike
img_105667.jpg	[1072, 229, 1102, 265]	car
img_105667.jpg	[1198, 306, 1261, 353]	motorbike
img_105667.jpg	[1168, 256, 1213, 295]	car
img_105667.jpg	[1170, 286, 1226, 341]	motorbike
img_106071.jpg	[959, 260, 1018, 327]	car
img_106071.jpg	[1147, 252, 1178, 291]	car
img_106071.jpg	[941, 318, 974, 384]	motorbike
img_106071.jpg	[1052, 229, 1078, 263]	motorbike
img_106071.jpg	[1079, 221, 1107, 247]	car
img_106071.jpg	[1123, 234, 1149, 272]	motorbike
img_106071.jpg	[1017, 224, 1051, 250]	car
img_106071.jpg	[1166, 254, 1212, 297]	car
img_106071.jpg	[970, 243, 1015, 270]	car
img_106274.jpg	[1544, 572, 2046, 1319]	car
img_106274.jpg	[0, 301, 74, 484]	car
img_106274.jpg	[959, 258, 1020, 326]	car
img_106274.jpg	[1047, 325, 1080, 383]	motorbike
img_106274.jpg	[1019, 232, 1053, 266]	car
img_106274.jpg	[1189, 303, 1269, 358]	motorbike
img_106274.jpg	[1070, 239, 1102, 268]	car
img_106274.jpg	[894, 321, 956, 384]	motorbike
img_106274.jpg	[927, 303, 978, 367]	motorbike
img_106274.jpg	[1125, 246, 1150, 294]	motorbike
img_106274.jpg	[1164, 272, 1196, 320]	motorbike
img_106274.jpg	[970, 242, 1015, 271]	car
img_106477.jpg	[0, 232, 201, 478]	truck
img_106477.jpg	[960, 257, 1018, 327]	car
img_106477.jpg	[1126, 284, 1152, 342]	motorbike
img_106477.jpg	[1015, 228, 1051, 266]	car
img_106477.jpg	[1147, 253, 1176, 288]	car
img_106477.jpg	[973, 242, 1012, 269]	car
img_106477.jpg	[1176, 290, 1210, 341]	motorbike
img_106477.jpg	[1169, 286, 1192, 326]	motorbike
img_106477.jpg	[985, 247, 1027, 301]	car
img_106477.jpg	[1169, 252, 1212, 294]	car
img_106477.jpg	[1202, 284, 1243, 349]	motorbike
img_106882.jpg	[958, 262, 1016, 328]	car
img_106882.jpg	[1256, 546, 1348, 777]	motorbike
img_106882.jpg	[888, 298, 976, 379]	motorbike
img_106882.jpg	[1063, 262, 1084, 310]	motorbike
img_106882.jpg	[1133, 250, 1163, 291]	motorbike
img_106882.jpg	[994, 244, 1032, 302]	car
img_106882.jpg	[1016, 233, 1050, 270]	car
img_106882.jpg	[1228, 310, 1275, 359]	motorbike
img_106882.jpg	[972, 242, 1013, 269]	car
img_106882.jpg	[1023, 240, 1051, 299]	motorbike
img_107084.jpg	[888, 346, 1109, 563]	car
img_107084.jpg	[958, 256, 1021, 323]	car
img_107084.jpg	[1016, 228, 1054, 266]	car
img_107084.jpg	[1147, 253, 1177, 289]	car
img_107084.jpg	[1217, 310, 1278, 360]	motorbike
img_107084.jpg	[1056, 291, 1090, 366]	motorbike
img_107084.jpg	[1903, 835, 2047, 1299]	motorbike
img_107084.jpg	[971, 242, 1015, 269]	car
img_107287.jpg	[713, 334, 956, 490]	car
img_107287.jpg	[959, 260, 1017, 324]	car
img_107287.jpg	[1019, 232, 1052, 265]	car
img_107287.jpg	[1147, 250, 1177, 288]	car
img_107287.jpg	[899, 300, 978, 369]	motorbike
img_107287.jpg	[1049, 227, 1076, 246]	car
img_107287.jpg	[971, 243, 1014, 271]	car
img_107287.jpg	[1220, 309, 1278, 358]	motorbike
img_107287.jpg	[964, 251, 1010, 297]	car
img_107287.jpg	[1199, 284, 1242, 349]	motorbike
img_107287.jpg	[1020, 225, 1054, 248]	car
img_107287.jpg	[1115, 232, 1140, 259]	motorbike
img_107692.jpg	[954, 336, 1080, 476]	car
img_107692.jpg	[288, 867, 585, 1366]	motorbike
img_107692.jpg	[958, 255, 1022, 327]	car
img_107692.jpg	[1146, 252, 1182, 292]	car
img_107692.jpg	[1018, 227, 1055, 266]	car
img_107692.jpg	[1045, 274, 1069, 340]	motorbike
img_107692.jpg	[1208, 305, 1283, 361]	motorbike
img_107692.jpg	[1163, 256, 1213, 324]	car
img_107692.jpg	[894, 300, 970, 370]	motorbike
img_107692.jpg	[969, 243, 1016, 270]	car
img_107692.jpg	[1053, 222, 1079, 243]	car
img_107895.jpg	[958, 253, 1025, 325]	car
img_107895.jpg	[1809, 500, 1957, 660]	motorbike
img_107895.jpg	[1017, 229, 1049, 263]	car
img_107895.jpg	[1147, 252, 1175, 290]	car
img_107895.jpg	[891, 300, 975, 370]	motorbike
img_107895.jpg	[1192, 304, 1273, 357]	motorbike
img_107895.jpg	[969, 242, 1014, 270]	car
img_107895.jpg	[1165, 266, 1199, 320]	motorbike
img_108097.jpg	[1491, 557, 2050, 1320]	car
img_108097.jpg	[959, 254, 1019, 326]	car
img_108097.jpg	[1017, 228, 1054, 265]	car
img_108097.jpg	[1147, 252, 1180, 290]	car
img_108097.jpg	[890, 301, 980, 382]	motorbike
img_108097.jpg	[1222, 306, 1276, 360]	motorbike
img_108097.jpg	[971, 242, 1013, 270]	car
img_108097.jpg	[1165, 267, 1220, 317]	car
img_108501.jpg	[956, 254, 1023, 326]	car
img_108501.jpg	[1015, 227, 1059, 265]	car
img_108501.jpg	[892, 297, 980, 382]	motorbike
img_108501.jpg	[1053, 246, 1104, 308]	car
img_108501.jpg	[1146, 252, 1177, 288]	car
img_108501.jpg	[1221, 311, 1277, 359]	motorbike
img_108704.jpg	[1431, 520, 2047, 1377]	truck
img_108704.jpg	[957, 255, 1023, 327]	car
img_108704.jpg	[890, 299, 980, 383]	motorbike
img_108704.jpg	[1147, 250, 1183, 292]	car
img_108704.jpg	[1018, 234, 1059, 273]	car
img_108704.jpg	[1070, 246, 1093, 302]	motorbike
img_108704.jpg	[1164, 254, 1214, 298]	car
img_108704.jpg	[1187, 286, 1268, 350]	motorbike
img_108907.jpg	[1065, 260, 1120, 323]	car
img_108907.jpg	[959, 258, 1019, 325]	car
img_108907.jpg	[1016, 229, 1050, 266]	car
img_108907.jpg	[1146, 254, 1175, 292]	car
img_108907.jpg	[1232, 304, 1273, 364]	motorbike
img_108907.jpg	[889, 300, 980, 383]	motorbike
img_108907.jpg	[1183, 289, 1224, 340]	motorbike
img_108907.jpg	[1168, 255, 1211, 297]	car
img_108907.jpg	[1068, 258, 1117, 292]	car
img_108907.jpg	[972, 243, 1013, 270]	car
img_108907.jpg	[1078, 226, 1107, 248]	car
img_108907.jpg	[1165, 289, 1192, 322]	motorbike
img_109109.jpg	[958, 260, 1016, 326]	car
img_109109.jpg	[1146, 251, 1176, 290]	car
img_109109.jpg	[889, 302, 979, 383]	motorbike
img_109109.jpg	[1020, 226, 1057, 247]	car
img_109109.jpg	[971, 243, 1012, 269]	car
img_109109.jpg	[1077, 224, 1105, 250]	car
img_109109.jpg	[1049, 225, 1076, 249]	car
img_109311.jpg	[910, 588, 1021, 750]	motorbike
img_109311.jpg	[959, 258, 1010, 326]	car
img_109311.jpg	[1222, 314, 1276, 362]	motorbike
img_109311.jpg	[1015, 233, 1059, 273]	car
img_109311.jpg	[996, 243, 1037, 306]	car
img_109311.jpg	[1072, 224, 1100, 244]	car
img_109311.jpg	[1146, 251, 1181, 285]	car
img_109311.jpg	[969, 243, 1012, 272]	car
img_109514.jpg	[996, 297, 1112, 424]	car
img_109514.jpg	[958, 255, 1025, 324]	car
img_109514.jpg	[1133, 271, 1158, 321]	motorbike
img_109514.jpg	[891, 323, 979, 381]	motorbike
img_109514.jpg	[1195, 312, 1257, 361]	motorbike
img_109514.jpg	[1156, 272, 1184, 319]	motorbike
img_109514.jpg	[1023, 235, 1057, 275]	car
img_109514.jpg	[1181, 290, 1217, 339]	motorbike
img_109717.jpg	[1179, 311, 1378, 585]	truck
img_109717.jpg	[957, 254, 1022, 325]	car
img_109717.jpg	[1016, 229, 1051, 262]	car
img_109717.jpg	[1067, 232, 1100, 259]	car
img_109717.jpg	[894, 297, 979, 383]	motorbike
img_109717.jpg	[1135, 267, 1166, 315]	motorbike
img_109717.jpg	[1146, 249, 1188, 301]	car
img_109717.jpg	[966, 242, 1017, 270]	car
img_110120.jpg	[749, 422, 1055, 722]	car
img_110120.jpg	[958, 254, 1022, 324]	car
img_110120.jpg	[9, 354, 138, 459]	motorbike
img_110120.jpg	[1016, 229, 1052, 263]	car
img_110120.jpg	[1106, 257, 1131, 316]	motorbike
img_110120.jpg	[897, 298, 979, 382]	motorbike
img_110120.jpg	[1133, 257, 1160, 324]	motorbike
img_110120.jpg	[1046, 225, 1081, 249]	car
img_110120.jpg	[1224, 312, 1281, 362]	motorbike
img_110120.jpg	[1075, 227, 1106, 251]	car
img_110120.jpg	[1150, 256, 1178, 323]	motorbike
img_110120.jpg	[1199, 306, 1250, 356]	motorbike
img_110323.jpg	[1101, 286, 1132, 340]	motorbike
img_110323.jpg	[1224, 430, 1289, 553]	motorbike
img_110323.jpg	[958, 262, 1015, 328]	car
img_110323.jpg	[1146, 251, 1176, 288]	car
img_110323.jpg	[1196, 324, 1243, 369]	motorbike
img_110323.jpg	[894, 325, 976, 381]	motorbike
img_110323.jpg	[1017, 232, 1055, 263]	car
img_110323.jpg	[1096, 265, 1122, 323]	motorbike
img_110323.jpg	[1076, 222, 1103, 246]	car
img_110526.jpg	[891, 301, 981, 382]	motorbike
img_110526.jpg	[957, 261, 1017, 323]	car
img_110526.jpg	[1147, 251, 1177, 290]	car
img_110526.jpg	[1015, 231, 1046, 261]	car
img_110526.jpg	[1025, 260, 1068, 325]	motorbike
img_110526.jpg	[1227, 310, 1281, 362]	motorbike
img_110526.jpg	[1043, 225, 1077, 246]	car
img_110526.jpg	[1202, 306, 1245, 356]	motorbike
img_110526.jpg	[970, 243, 1013, 270]	car
img_110526.jpg	[1163, 271, 1201, 312]	car
img_110526.jpg	[1105, 232, 1125, 257]	motorbike
img_110526.jpg	[1186, 291, 1231, 339]	motorbike
img_110729.jpg	[958, 261, 1014, 325]	car
img_110729.jpg	[1018, 230, 1053, 262]	car
img_110729.jpg	[1147, 250, 1184, 303]	car
img_110729.jpg	[1248, 401, 1288, 504]	motorbike
img_110729.jpg	[1205, 309, 1249, 357]	motorbike
img_110729.jpg	[971, 243, 1012, 268]	car
img_110729.jpg	[1048, 223, 1076, 244]	car
img_110729.jpg	[1081, 220, 1105, 248]	car
img_110729.jpg	[1157, 264, 1201, 314]	motorbike
img_110729.jpg	[961, 251, 1010, 296]	car
img_110931.jpg	[1150, 311, 1185, 358]	motorbike
img_110931.jpg	[1032, 304, 1055, 356]	motorbike
img_110931.jpg	[958, 255, 1016, 325]	car
img_110931.jpg	[1073, 292, 1094, 341]	motorbike
img_110931.jpg	[890, 322, 978, 381]	motorbike
img_110931.jpg	[1015, 233, 1053, 266]	car
img_110931.jpg	[1205, 313, 1249, 358]	motorbike
img_110931.jpg	[1227, 315, 1278, 362]	motorbike
img_110931.jpg	[1041, 223, 1073, 245]	car
img_111133.jpg	[1085, 284, 1162, 373]	car
img_111133.jpg	[1022, 324, 1051, 380]	motorbike
img_111133.jpg	[1076, 240, 1105, 270]	car
img_111133.jpg	[1019, 229, 1054, 263]	car
img_111133.jpg	[1145, 252, 1174, 290]	car
img_111133.jpg	[959, 265, 1011, 323]	car
img_111133.jpg	[894, 322, 976, 381]	motorbike
img_111133.jpg	[1224, 312, 1275, 363]	motorbike
img_111133.jpg	[1051, 224, 1081, 246]	car
img_111133.jpg	[961, 246, 1018, 297]	car
img_111133.jpg	[999, 310, 1025, 360]	motorbike
img_111133.jpg	[968, 243, 1015, 272]	car
img_111133.jpg	[1210, 308, 1252, 356]	motorbike
img_111133.jpg	[1184, 289, 1229, 343]	motorbike
img_111336.jpg	[1149, 401, 1373, 627]	car
img_111336.jpg	[1111, 292, 1194, 389]	car
img_111336.jpg	[958, 256, 1020, 327]	car
img_111336.jpg	[1094, 257, 1142, 319]	car
img_111336.jpg	[1020, 229, 1053, 265]	car
img_111336.jpg	[1143, 251, 1179, 291]	car
img_111336.jpg	[892, 301, 980, 383]	motorbike
img_111336.jpg	[1206, 316, 1247, 359]	motorbike
img_111336.jpg	[1082, 232, 1107, 259]	car
img_111336.jpg	[1054, 225, 1080, 248]	car
img_111336.jpg	[970, 242, 1014, 270]	car
img_111336.jpg	[1214, 317, 1282, 363]	motorbike
img_111539.jpg	[1390, 716, 1553, 1082]	motorbike
img_111539.jpg	[1652, 846, 1845, 1187]	motorbike
img_111539.jpg	[1536, 377, 1633, 444]	motorbike
img_111539.jpg	[958, 262, 1016, 328]	car
img_111539.jpg	[1040, 248, 1086, 312]	car
img_111539.jpg	[1111, 268, 1165, 328]	car
img_111539.jpg	[894, 299, 979, 384]	motorbike
img_111539.jpg	[1200, 310, 1253, 355]	motorbike
img_111539.jpg	[1018, 233, 1050, 266]	car
img_111539.jpg	[1145, 252, 1179, 289]	car
img_111539.jpg	[1050, 242, 1081, 266]	car
img_111741.jpg	[958, 256, 1022, 325]	car
img_111741.jpg	[1146, 252, 1176, 290]	car
img_111741.jpg	[1280, 323, 1361, 465]	truck
img_111741.jpg	[1092, 251, 1112, 298]	motorbike
img_111741.jpg	[1227, 301, 1273, 363]	motorbike
img_111741.jpg	[1019, 230, 1053, 266]	car
img_111741.jpg	[0, 390, 71, 531]	motorbike
img_111741.jpg	[892, 300, 980, 384]	motorbike
img_111741.jpg	[1163, 272, 1198, 311]	car
img_111741.jpg	[970, 242, 1014, 270]	car
img_111741.jpg	[1051, 225, 1078, 245]	car
img_111741.jpg	[1206, 308, 1246, 357]	motorbike
img_111741.jpg	[1076, 225, 1100, 245]	car
img_111741.jpg	[1188, 289, 1225, 343]	motorbike
img_111944.jpg	[816, 400, 1049, 622]	car
img_111944.jpg	[956, 258, 1018, 324]	car
img_111944.jpg	[1146, 252, 1177, 291]	car
img_111944.jpg	[887, 307, 980, 384]	motorbike
img_111944.jpg	[1220, 312, 1279, 363]	motorbike
img_111944.jpg	[1015, 232, 1050, 265]	car
img_111944.jpg	[1162, 269, 1203, 315]	car
img_111944.jpg	[1166, 257, 1209, 295]	car
img_111944.jpg	[970, 242, 1013, 271]	car
img_111944.jpg	[1105, 234, 1126, 256]	motorbike
img_111944.jpg	[1059, 232, 1088, 263]	motorbike
img_111944.jpg	[1186, 289, 1229, 343]	motorbike
img_112146.jpg	[958, 259, 1018, 316]	car
img_112146.jpg	[1102, 255, 1122, 302]	motorbike
img_112146.jpg	[888, 305, 980, 385]	motorbike
img_112146.jpg	[1147, 252, 1176, 289]	car
img_112146.jpg	[1202, 310, 1255, 360]	motorbike
img_112146.jpg	[1053, 226, 1075, 271]	motorbike
img_112146.jpg	[983, 346, 1021, 407]	motorbike
img_112146.jpg	[969, 243, 1015, 269]	car
img_112146.jpg	[1016, 230, 1048, 264]	motorbike
img_112146.jpg	[1162, 272, 1202, 317]	car
img_112146.jpg	[1201, 287, 1237, 342]	motorbike
img_112349.jpg	[285, 581, 830, 1109]	car
img_112349.jpg	[956, 256, 1019, 324]	car
img_112349.jpg	[1146, 250, 1180, 291]	car
img_112349.jpg	[1200, 305, 1255, 354]	motorbike
img_112349.jpg	[888, 321, 969, 380]	motorbike
img_112349.jpg	[1011, 227, 1053, 264]	car
img_112349.jpg	[1160, 253, 1218, 304]	car
img_112349.jpg	[968, 242, 1016, 269]	car
img_112349.jpg	[1123, 235, 1156, 275]	car
img_112551.jpg	[988, 300, 1127, 455]	car
img_112551.jpg	[961, 253, 1019, 323]	car
img_112551.jpg	[935, 323, 982, 382]	motorbike
img_112551.jpg	[1148, 250, 1185, 295]	car
img_112551.jpg	[1189, 291, 1224, 341]	motorbike
img_112551.jpg	[1015, 228, 1054, 264]	car
img_112551.jpg	[1165, 253, 1210, 303]	car
img_112551.jpg	[1100, 219, 1126, 247]	car
img_112754.jpg	[1148, 249, 1183, 294]	car
img_112754.jpg	[1012, 229, 1050, 267]	car
img_112754.jpg	[86, 803, 306, 1209]	motorbike
img_112754.jpg	[956, 275, 1002, 319]	car
img_112754.jpg	[966, 245, 1017, 295]	car
img_112754.jpg	[1193, 348, 1236, 430]	motorbike
img_112754.jpg	[899, 306, 970, 369]	motorbike
img_112754.jpg	[1051, 222, 1076, 241]	car
img_112754.jpg	[968, 242, 1015, 273]	car
img_112754.jpg	[1191, 305, 1252, 354]	motorbike
img_112754.jpg	[1162, 251, 1213, 308]	car
img_112957.jpg	[878, 344, 1068, 534]	car
img_112957.jpg	[112, 717, 814, 1447]	car
img_112957.jpg	[957, 255, 1019, 320]	car
img_112957.jpg	[1150, 249, 1194, 295]	car
img_112957.jpg	[1011, 229, 1053, 266]	car
img_112957.jpg	[1190, 281, 1255, 352]	motorbike
img_112957.jpg	[1162, 255, 1217, 319]	car
img_112957.jpg	[1124, 234, 1158, 274]	car
img_112957.jpg	[968, 242, 1013, 267]	car
img_112957.jpg	[1056, 224, 1079, 242]	car
img_112957.jpg	[1101, 221, 1127, 248]	car
img_113159.jpg	[294, 592, 835, 1105]	car
img_113159.jpg	[958, 256, 1018, 325]	car
img_113159.jpg	[1013, 231, 1051, 266]	car
img_113159.jpg	[1077, 223, 1110, 249]	car
img_113159.jpg	[1191, 281, 1250, 352]	motorbike
img_113159.jpg	[1052, 227, 1080, 246]	car
img_113159.jpg	[905, 304, 968, 370]	motorbike
img_113159.jpg	[1150, 249, 1199, 297]	car
img_113159.jpg	[969, 243, 1012, 268]	car
img_113159.jpg	[1105, 225, 1131, 247]	car
img_113159.jpg	[1136, 248, 1167, 289]	motorbike
img_113361.jpg	[1038, 258, 1093, 318]	car
img_113361.jpg	[1091, 248, 1137, 302]	car
img_113361.jpg	[1343, 371, 2063, 1499]	truck
img_113361.jpg	[965, 286, 1022, 340]	car
img_113361.jpg	[1187, 281, 1251, 350]	car
img_113361.jpg	[969, 242, 1016, 295]	car
img_113361.jpg	[1016, 237, 1049, 270]	car
img_113361.jpg	[1160, 255, 1216, 319]	car
img_113361.jpg	[897, 304, 973, 369]	motorbike
img_113564.jpg	[837, 381, 1190, 598]	car
img_113564.jpg	[1014, 229, 1050, 266]	car
img_113564.jpg	[1150, 251, 1195, 297]	car
img_113564.jpg	[970, 243, 1016, 289]	car
img_113564.jpg	[1050, 222, 1079, 245]	car
img_113564.jpg	[1081, 221, 1103, 244]	car
img_113564.jpg	[1122, 239, 1156, 274]	car
img_113564.jpg	[1162, 255, 1213, 322]	car
img_113564.jpg	[1188, 282, 1255, 353]	car
img_113564.jpg	[1105, 223, 1128, 247]	car
img_113564.jpg	[1143, 248, 1170, 285]	car
img_113767.jpg	[968, 241, 1018, 311]	car
img_113767.jpg	[1108, 264, 1135, 315]	motorbike
img_113767.jpg	[1013, 229, 1048, 266]	car
img_113767.jpg	[1202, 304, 1257, 359]	motorbike
img_113767.jpg	[1157, 248, 1209, 313]	car
img_113767.jpg	[903, 305, 958, 367]	motorbike
img_114171.jpg	[967, 242, 1021, 312]	car
img_114171.jpg	[1013, 230, 1050, 263]	car
img_114171.jpg	[1500, 344, 1562, 410]	motorbike
img_114171.jpg	[1055, 245, 1103, 297]	car
img_114171.jpg	[921, 301, 979, 365]	motorbike
img_114171.jpg	[1216, 302, 1255, 357]	motorbike
img_114171.jpg	[1045, 224, 1078, 248]	car
img_114171.jpg	[1160, 250, 1216, 292]	car
img_114171.jpg	[1048, 231, 1085, 263]	car
img_114374.jpg	[966, 242, 1020, 311]	car
img_114374.jpg	[1012, 230, 1049, 265]	car
img_114374.jpg	[1161, 249, 1215, 312]	car
img_114374.jpg	[1196, 302, 1262, 355]	motorbike
img_114374.jpg	[927, 304, 980, 365]	motorbike
img_114374.jpg	[1121, 229, 1171, 272]	car
img_114374.jpg	[1048, 224, 1077, 249]	car
img_114577.jpg	[213, 632, 823, 1297]	car
img_114577.jpg	[965, 243, 1020, 312]	car
img_114577.jpg	[1013, 229, 1053, 265]	car
img_114577.jpg	[1072, 221, 1098, 242]	car
img_114577.jpg	[1155, 256, 1209, 320]	car
img_114577.jpg	[1200, 304, 1255, 355]	motorbike
img_114577.jpg	[923, 302, 980, 368]	motorbike
img_114577.jpg	[1047, 223, 1071, 247]	car
img_114577.jpg	[1108, 227, 1132, 248]	car
img_114982.jpg	[1101, 274, 1180, 358]	car
img_114982.jpg	[966, 243, 1020, 312]	car
img_114982.jpg	[1011, 230, 1052, 266]	car
img_114982.jpg	[1052, 226, 1078, 244]	car
img_114982.jpg	[934, 308, 981, 363]	motorbike
img_114982.jpg	[1161, 251, 1214, 302]	car
img_114982.jpg	[1205, 303, 1254, 355]	motorbike
img_114982.jpg	[909, 300, 941, 369]	motorbike
img_114982.jpg	[1114, 226, 1135, 253]	car
img_115184.jpg	[753, 337, 961, 513]	car
img_115184.jpg	[966, 242, 1019, 311]	car
img_115184.jpg	[1012, 228, 1053, 269]	car
img_115184.jpg	[894, 303, 980, 370]	motorbike
img_115184.jpg	[1126, 228, 1175, 273]	car
img_115184.jpg	[1161, 252, 1217, 321]	car
img_115184.jpg	[1054, 223, 1080, 244]	car
img_115184.jpg	[1107, 224, 1135, 252]	car
img_115184.jpg	[1210, 305, 1256, 355]	motorbike
img_115387.jpg	[1150, 360, 1317, 541]	car
img_115387.jpg	[897, 297, 1007, 408]	car
img_115387.jpg	[966, 240, 1020, 318]	car
img_115387.jpg	[0, 1119, 255, 1538]	motorbike
img_115387.jpg	[1011, 229, 1052, 266]	car
img_115387.jpg	[1186, 280, 1252, 352]	motorbike
img_115387.jpg	[1161, 249, 1213, 312]	car
img_115387.jpg	[1054, 224, 1083, 243]	car
img_115387.jpg	[1123, 226, 1172, 272]	car
img_115387.jpg	[1073, 223, 1107, 243]	car
img_115792.jpg	[902, 299, 1006, 402]	car
img_115792.jpg	[1173, 337, 1206, 400]	motorbike
img_115792.jpg	[968, 241, 1019, 313]	car
img_115792.jpg	[1013, 233, 1049, 266]	car
img_115792.jpg	[881, 446, 940, 542]	motorbike
img_115792.jpg	[1047, 237, 1071, 271]	motorbike
img_115792.jpg	[1125, 252, 1143, 300]	motorbike
img_115995.jpg	[896, 301, 1008, 406]	car
img_115995.jpg	[965, 239, 1022, 316]	car
img_115995.jpg	[1015, 230, 1052, 266]	car
img_115995.jpg	[1161, 250, 1214, 313]	car
img_115995.jpg	[1061, 263, 1084, 323]	motorbike
img_115995.jpg	[1222, 292, 1395, 565]	truck
img_115995.jpg	[1079, 223, 1101, 246]	car
img_115995.jpg	[1109, 229, 1128, 270]	motorbike
img_115995.jpg	[1188, 280, 1247, 352]	motorbike
img_115995.jpg	[1052, 222, 1079, 245]	car
img_116197.jpg	[899, 299, 1008, 407]	car
img_116197.jpg	[1061, 247, 1115, 309]	car
img_116197.jpg	[1013, 229, 1050, 268]	car
img_116197.jpg	[965, 240, 1020, 315]	car
img_116197.jpg	[579, 397, 720, 507]	motorbike
img_116197.jpg	[1161, 251, 1216, 320]	car
img_116197.jpg	[1211, 304, 1251, 356]	motorbike
img_116197.jpg	[1071, 241, 1113, 270]	car
img_116197.jpg	[1053, 232, 1075, 265]	car
img_121664.jpg	[1456, 803, 1867, 1199]	car
img_121664.jpg	[1669, 601, 1760, 712]	car
img_121664.jpg	[1764, 585, 1813, 641]	car
img_121664.jpg	[-1, 942, 131, 1235]	motorbike
img_121664.jpg	[1858, 569, 1877, 619]	motorbike
img_121867.jpg	[1242, 550, 1545, 765]	car
img_121867.jpg	[1770, 585, 1813, 647]	car
img_121867.jpg	[1658, 598, 1770, 703]	car
img_121867.jpg	[0, 966, 129, 1231]	motorbike
img_121867.jpg	[672, 1187, 872, 1512]	motorbike
img_122069.jpg	[600, 843, 1508, 1539]	car
img_122069.jpg	[583, 717, 910, 1073]	motorbike
img_122069.jpg	[1660, 596, 1762, 714]	car
img_122069.jpg	[1764, 584, 1811, 644]	car
img_122069.jpg	[0, 965, 127, 1234]	motorbike
img_122069.jpg	[1856, 966, 2050, 1508]	car
img_122069.jpg	[1857, 563, 1879, 593]	motorbike
img_122271.jpg	[1179, 779, 1711, 1273]	car
img_122271.jpg	[1786, 684, 1930, 859]	car
img_122271.jpg	[573, 728, 844, 958]	motorbike
img_122271.jpg	[1659, 600, 1762, 713]	car
img_122271.jpg	[0, 974, 130, 1230]	motorbike
img_122271.jpg	[1765, 583, 1810, 645]	car
img_122271.jpg	[1920, 692, 1970, 753]	motorbike
img_122271.jpg	[1849, 570, 1865, 607]	motorbike
img_122474.jpg	[593, 491, 793, 595]	car
img_122474.jpg	[605, 627, 892, 911]	car
img_122474.jpg	[319, 425, 349, 452]	car
img_122474.jpg	[1977, 1235, 2049, 1398]	motorbike
img_122474.jpg	[433, 446, 500, 515]	car
img_122474.jpg	[356, 433, 385, 475]	car
img_122474.jpg	[474, 481, 531, 536]	motorbike
img_122474.jpg	[198, 523, 261, 573]	motorbike
img_122474.jpg	[1586, 519, 1782, 638]	truck
img_122474.jpg	[424, 447, 452, 503]	car
img_122474.jpg	[542, 482, 577, 543]	motorbike
img_122474.jpg	[355, 425, 382, 448]	car
img_122677.jpg	[525, 642, 882, 1023]	car
img_122677.jpg	[321, 425, 350, 451]	car
img_122677.jpg	[1587, 518, 1779, 634]	truck
img_122677.jpg	[386, 448, 404, 494]	motorbike
img_122677.jpg	[443, 446, 502, 498]	car
img_122677.jpg	[1977, 1235, 2049, 1395]	motorbike
img_122677.jpg	[193, 523, 264, 575]	motorbike
img_122677.jpg	[475, 483, 533, 537]	motorbike
img_122677.jpg	[355, 423, 380, 443]	car
img_122677.jpg	[379, 421, 410, 447]	car
img_122677.jpg	[401, 456, 429, 490]	motorbike
img_123081.jpg	[1275, 829, 1919, 1460]	car
img_123081.jpg	[295, 466, 353, 533]	car
img_123081.jpg	[150, 562, 331, 783]	car
img_123081.jpg	[436, 446, 502, 516]	car
img_123081.jpg	[477, 483, 534, 537]	motorbike
img_123081.jpg	[1587, 519, 1779, 641]	truck
img_123081.jpg	[334, 433, 380, 481]	car
img_123081.jpg	[426, 440, 458, 472]	car
img_123081.jpg	[323, 424, 357, 451]	car
img_123081.jpg	[1976, 1220, 2048, 1399]	motorbike
img_123081.jpg	[423, 449, 450, 496]	car
img_123081.jpg	[351, 422, 382, 447]	car
img_123081.jpg	[378, 424, 408, 452]	car
img_123284.jpg	[386, 490, 507, 588]	car
img_123284.jpg	[491, 579, 703, 816]	car
img_123284.jpg	[1275, 833, 1920, 1457]	car
img_123284.jpg	[428, 446, 500, 493]	car
img_123284.jpg	[332, 436, 356, 472]	motorbike
img_123284.jpg	[1585, 519, 1781, 635]	truck
img_123284.jpg	[795, 505, 854, 554]	motorbike
img_123284.jpg	[1976, 1224, 2049, 1400]	motorbike
img_123284.jpg	[325, 423, 356, 447]	car
img_123487.jpg	[712, 703, 1385, 1421]	car
img_123487.jpg	[633, 487, 844, 598]	car
img_123487.jpg	[366, 448, 415, 501]	car
img_123487.jpg	[1586, 518, 1780, 639]	truck
img_123487.jpg	[242, 430, 313, 528]	car
img_123487.jpg	[437, 447, 500, 516]	car
img_123487.jpg	[1977, 1237, 2049, 1396]	motorbike
img_123487.jpg	[323, 423, 356, 450]	car
img_123487.jpg	[34, 1308, 660, 1538]	truck
img_123892.jpg	[631, 487, 845, 599]	car
img_123892.jpg	[432, 446, 504, 517]	car
img_123892.jpg	[322, 423, 354, 451]	car
img_123892.jpg	[1584, 517, 1785, 637]	truck
img_123892.jpg	[477, 483, 533, 537]	motorbike
img_123892.jpg	[1963, 531, 2040, 636]	car
img_124094.jpg	[662, 788, 1423, 1537]	car
img_124094.jpg	[631, 486, 840, 600]	car
img_124094.jpg	[433, 446, 500, 514]	car
img_124094.jpg	[1591, 520, 1780, 637]	truck
img_124094.jpg	[321, 422, 363, 455]	car
img_124094.jpg	[477, 482, 534, 537]	motorbike
img_124094.jpg	[163, 455, 274, 617]	truck
img_124094.jpg	[346, 420, 379, 447]	car
img_124094.jpg	[39, 1307, 656, 1537]	truck
img_124094.jpg	[404, 424, 434, 455]	car
img_124094.jpg	[1964, 533, 2036, 635]	car
img_124297.jpg	[631, 486, 842, 600]	car
img_124297.jpg	[775, 663, 1610, 1537]	truck
img_124297.jpg	[437, 448, 500, 515]	car
img_124297.jpg	[1576, 518, 1787, 635]	truck
img_124297.jpg	[165, 459, 272, 617]	truck
img_124297.jpg	[317, 423, 359, 449]	car
img_124297.jpg	[480, 486, 534, 537]	motorbike
img_124297.jpg	[327, 439, 365, 480]	car
img_124297.jpg	[1964, 532, 2041, 639]	car
img_124297.jpg	[423, 439, 455, 474]	car
img_124297.jpg	[424, 447, 450, 497]	car
img_124297.jpg	[403, 435, 434, 474]	car
img_124297.jpg	[360, 422, 379, 445]	car
img_124701.jpg	[632, 487, 850, 597]	car
img_124701.jpg	[824, 711, 1256, 1363]	truck
img_124701.jpg	[316, 428, 357, 481]	car
img_124701.jpg	[165, 460, 274, 613]	truck
img_124701.jpg	[430, 490, 472, 540]	motorbike
img_124701.jpg	[439, 445, 498, 495]	car
img_124701.jpg	[459, 487, 538, 538]	motorbike
img_124904.jpg	[930, 603, 1365, 994]	car
img_124904.jpg	[631, 487, 850, 599]	car
img_124904.jpg	[437, 447, 501, 515]	car
img_124904.jpg	[486, 482, 528, 536]	motorbike
img_124904.jpg	[324, 436, 346, 464]	motorbike
img_124904.jpg	[539, 487, 577, 541]	motorbike
img_124904.jpg	[406, 436, 436, 463]	motorbike
img_125106.jpg	[628, 487, 847, 594]	car
img_125106.jpg	[456, 562, 832, 1004]	car
img_125106.jpg	[436, 445, 504, 512]	car
img_125106.jpg	[481, 484, 518, 533]	motorbike
img_125106.jpg	[200, 525, 261, 571]	motorbike
img_125106.jpg	[343, 421, 373, 447]	car
img_125106.jpg	[327, 422, 358, 454]	motorbike
img_125309.jpg	[1660, 600, 1762, 715]	car
img_125309.jpg	[1842, 627, 1958, 799]	car
img_125309.jpg	[954, 946, 1176, 1301]	motorbike
img_125511.jpg	[1003, 831, 1532, 1419]	car
img_125511.jpg	[1663, 598, 1761, 715]	car
img_125511.jpg	[170, 1310, 557, 1537]	motorbike
img_125714.jpg	[1179, 750, 1628, 1164]	car
img_125714.jpg	[-1, 970, 130, 1227]	motorbike
img_125714.jpg	[1665, 598, 1759, 710]	car
img_125917.jpg	[1372, 748, 1719, 1131]	car
img_125917.jpg	[1959, 738, 2048, 925]	car
img_125917.jpg	[1663, 598, 1760, 706]	car
img_125917.jpg	[1857, 591, 1877, 643]	motorbike
img_126119.jpg	[48, 876, 406, 1333]	motorbike
img_126119.jpg	[1760, 582, 1812, 647]	car
img_126119.jpg	[1659, 599, 1758, 702]	car
img_126119.jpg	[1349, 1076, 1493, 1323]	motorbike
img_126119.jpg	[0, 1312, 473, 1533]	motorbike
img_126119.jpg	[1911, 592, 1940, 635]	motorbike
img_126119.jpg	[1858, 562, 1883, 590]	motorbike
img_126321.jpg	[427, 701, 641, 976]	car
img_126321.jpg	[373, 679, 535, 850]	car
img_126321.jpg	[719, 564, 800, 634]	motorbike
img_126321.jpg	[469, 612, 540, 690]	car
img_126321.jpg	[671, 544, 722, 607]	motorbike
img_126321.jpg	[544, 554, 578, 597]	motorbike
img_126524.jpg	[539, 749, 1043, 1211]	car
img_126524.jpg	[382, 679, 557, 843]	car
img_126524.jpg	[467, 617, 541, 689]	car
img_126524.jpg	[621, 593, 662, 688]	motorbike
img_126524.jpg	[721, 570, 797, 632]	motorbike
img_126524.jpg	[498, 595, 554, 636]	car
img_126727.jpg	[705, 731, 1359, 1295]	car
img_126727.jpg	[386, 679, 555, 843]	car
img_126727.jpg	[468, 617, 542, 689]	car
img_126727.jpg	[720, 561, 802, 636]	motorbike
img_126727.jpg	[668, 546, 723, 603]	car
img_126727.jpg	[498, 591, 556, 636]	car
img_127131.jpg	[388, 679, 555, 839]	car
img_127131.jpg	[659, 630, 910, 915]	car
img_127131.jpg	[567, 559, 595, 599]	motorbike
img_127131.jpg	[726, 572, 794, 632]	motorbike
img_127131.jpg	[684, 566, 729, 625]	motorbike
img_127131.jpg	[467, 615, 540, 689]	car
img_127131.jpg	[538, 568, 569, 622]	motorbike
img_127334.jpg	[387, 678, 553, 841]	car
img_127334.jpg	[465, 936, 596, 1216]	motorbike
img_127334.jpg	[970, 564, 1062, 634]	motorbike
img_127334.jpg	[1175, 413, 1330, 549]	car
img_127334.jpg	[725, 567, 794, 632]	motorbike
img_127334.jpg	[465, 613, 542, 692]	car
img_127334.jpg	[666, 544, 719, 606]	motorbike
img_127537.jpg	[499, 733, 738, 1056]	car
img_127537.jpg	[1015, 451, 1234, 609]	car
img_127537.jpg	[388, 680, 553, 839]	car
img_127537.jpg	[658, 585, 758, 721]	car
img_127537.jpg	[540, 570, 577, 624]	motorbike
img_127537.jpg	[472, 613, 540, 690]	car
img_127942.jpg	[693, 598, 886, 764]	car
img_127942.jpg	[421, 686, 506, 788]	car
img_127942.jpg	[472, 612, 539, 698]	car
img_127942.jpg	[639, 550, 678, 597]	motorbike
img_127942.jpg	[674, 566, 760, 699]	car
img_127942.jpg	[539, 570, 573, 608]	motorbike
img_127942.jpg	[650, 548, 722, 598]	motorbike
img_128144.jpg	[910, 618, 1499, 1181]	car
img_128144.jpg	[602, 581, 655, 649]	car
img_128144.jpg	[472, 615, 538, 701]	car
img_128144.jpg	[714, 565, 780, 635]	motorbike
img_128144.jpg	[539, 594, 570, 677]	motorbike
img_128144.jpg	[671, 561, 721, 625]	motorbike
img_128347.jpg	[392, 631, 514, 835]	truck
img_128347.jpg	[532, 668, 671, 837]	truck
img_128347.jpg	[719, 585, 778, 636]	motorbike
img_128347.jpg	[492, 617, 539, 696]	car
img_128347.jpg	[632, 595, 656, 642]	motorbike
img_139282.jpg	[925, 290, 1026, 406]	car
img_139282.jpg	[179, 872, 438, 1332]	motorbike
img_139282.jpg	[1147, 250, 1181, 297]	car
img_139282.jpg	[981, 243, 1034, 307]	car
img_139282.jpg	[1456, 514, 1539, 686]	motorbike
img_139282.jpg	[1166, 259, 1214, 312]	car
img_139282.jpg	[1124, 237, 1153, 273]	car
img_139282.jpg	[1193, 295, 1250, 344]	motorbike
img_139282.jpg	[1046, 229, 1072, 266]	motorbike
img_139282.jpg	[1026, 229, 1057, 265]	motorbike
img_139282.jpg	[1246, 307, 1302, 363]	motorbike
img_139282.jpg	[923, 278, 980, 311]	car
img_139282.jpg	[1078, 222, 1108, 244]	car
img_139485.jpg	[1052, 282, 1136, 370]	car
img_139485.jpg	[941, 258, 1011, 341]	car
img_139485.jpg	[909, 302, 962, 357]	motorbike
img_139485.jpg	[1148, 252, 1174, 292]	car
img_139485.jpg	[1585, 395, 1680, 464]	motorbike
img_139485.jpg	[1227, 311, 1288, 360]	motorbike
img_139485.jpg	[1193, 303, 1251, 354]	motorbike
img_139688.jpg	[939, 257, 1009, 340]	car
img_139688.jpg	[1011, 237, 1047, 278]	car
img_139688.jpg	[996, 254, 1028, 297]	car
img_139688.jpg	[177, 984, 426, 1340]	motorbike
img_139688.jpg	[1079, 237, 1105, 272]	motorbike
img_139688.jpg	[352, 853, 449, 1148]	motorbike
img_139688.jpg	[991, 261, 1017, 314]	car
img_139890.jpg	[1258, 311, 1362, 372]	car
img_139890.jpg	[1160, 258, 1228, 320]	car
img_139890.jpg	[938, 269, 1004, 344]	car
img_139890.jpg	[1138, 429, 1521, 989]	truck
img_139890.jpg	[1027, 235, 1058, 262]	car
img_139890.jpg	[978, 240, 1027, 299]	car
img_139890.jpg	[1132, 245, 1164, 289]	car
img_139890.jpg	[1101, 227, 1135, 250]	car
img_139890.jpg	[979, 241, 1023, 271]	car
img_139890.jpg	[1151, 248, 1190, 292]	car
img_139890.jpg	[1048, 219, 1077, 244]	car
img_140091.jpg	[908, 277, 994, 363]	car
img_140091.jpg	[979, 246, 1034, 310]	car
img_140091.jpg	[1149, 267, 1202, 326]	car
img_140091.jpg	[1044, 311, 1074, 359]	motorbike
img_140091.jpg	[1026, 231, 1060, 261]	car
img_140091.jpg	[1245, 404, 1292, 503]	motorbike
img_140091.jpg	[1083, 328, 1117, 384]	motorbike
img_140091.jpg	[1139, 248, 1188, 288]	car
img_140091.jpg	[1109, 429, 1159, 515]	motorbike
img_140091.jpg	[272, 1250, 486, 1531]	motorbike
img_140091.jpg	[1232, 316, 1266, 359]	motorbike
img_140091.jpg	[1067, 220, 1104, 248]	car
img_140294.jpg	[1700, 557, 1872, 720]	motorbike
img_140294.jpg	[1087, 385, 1133, 471]	motorbike
img_140294.jpg	[1683, 396, 1755, 464]	motorbike
img_140294.jpg	[1162, 263, 1221, 329]	car
img_140294.jpg	[939, 259, 1008, 336]	car
img_140294.jpg	[1053, 289, 1077, 331]	motorbike
img_140294.jpg	[1226, 312, 1279, 358]	motorbike
img_140294.jpg	[978, 239, 1028, 296]	car
img_140294.jpg	[1022, 235, 1056, 260]	car
img_140497.jpg	[1305, 507, 1728, 957]	car
img_140497.jpg	[904, 286, 995, 369]	car
img_140497.jpg	[1070, 203, 1152, 329]	bus
img_140497.jpg	[946, 261, 1006, 327]	car
img_140497.jpg	[1024, 234, 1050, 265]	car
img_140497.jpg	[1178, 288, 1218, 330]	motorbike
img_140497.jpg	[1627, 524, 1694, 647]	motorbike
img_140497.jpg	[993, 249, 1029, 299]	car
img_140497.jpg	[1205, 303, 1256, 353]	motorbike
img_140497.jpg	[1264, 301, 1302, 361]	motorbike
img_140497.jpg	[1058, 236, 1079, 271]	car
img_140497.jpg	[991, 242, 1022, 269]	car
img_140901.jpg	[206, 637, 976, 1436]	car
img_140901.jpg	[911, 284, 994, 371]	car
img_140901.jpg	[1163, 259, 1214, 320]	car
img_140901.jpg	[1218, 304, 1295, 359]	motorbike
img_140901.jpg	[948, 258, 1004, 317]	car
img_140901.jpg	[990, 244, 1029, 294]	car
img_140901.jpg	[991, 241, 1030, 271]	car
img_140901.jpg	[1151, 250, 1187, 285]	car
img_140901.jpg	[1192, 287, 1252, 346]	motorbike
img_141103.jpg	[443, 560, 928, 1069]	car
img_141103.jpg	[1163, 262, 1212, 320]	car
img_141103.jpg	[988, 244, 1035, 300]	car
img_141103.jpg	[1025, 236, 1056, 263]	car
img_141103.jpg	[1199, 291, 1251, 347]	motorbike
img_141103.jpg	[922, 313, 993, 367]	motorbike
img_141103.jpg	[1130, 237, 1165, 276]	car
img_141103.jpg	[941, 257, 1005, 337]	car
img_141103.jpg	[991, 240, 1031, 270]	car
img_141103.jpg	[906, 312, 946, 366]	motorbike
img_141306.jpg	[1088, 272, 1182, 349]	car
img_141306.jpg	[1427, 575, 1884, 1161]	car
img_141306.jpg	[988, 241, 1034, 299]	car
img_141306.jpg	[1026, 235, 1058, 264]	car
img_141306.jpg	[941, 258, 1004, 337]	car
img_141306.jpg	[1168, 261, 1213, 321]	car
img_141306.jpg	[1205, 305, 1253, 350]	motorbike
img_141306.jpg	[1075, 227, 1103, 248]	car
img_141306.jpg	[1122, 237, 1158, 269]	car
img_141306.jpg	[990, 239, 1033, 273]	car
img_141306.jpg	[1146, 250, 1194, 292]	car
img_141509.jpg	[943, 263, 1013, 336]	car
img_141509.jpg	[1145, 245, 1184, 302]	car
img_141509.jpg	[1184, 261, 1248, 330]	car
img_141509.jpg	[1383, 1196, 1619, 1525]	motorbike
img_141509.jpg	[1000, 244, 1037, 296]	car
img_141509.jpg	[877, 325, 926, 386]	motorbike
img_141509.jpg	[1048, 239, 1074, 265]	car
img_141509.jpg	[1027, 235, 1056, 265]	car
img_141509.jpg	[1000, 241, 1037, 270]	car
img_141711.jpg	[426, 551, 880, 1055]	car
img_141711.jpg	[1279, 368, 1491, 545]	car
img_141711.jpg	[0, 322, 142, 533]	car
img_141711.jpg	[1184, 261, 1248, 340]	car
img_141711.jpg	[950, 266, 1013, 329]	car
img_141711.jpg	[1093, 289, 1120, 342]	motorbike
img_141711.jpg	[1949, 651, 2049, 991]	car
img_141711.jpg	[880, 308, 975, 390]	motorbike
img_141711.jpg	[1034, 231, 1058, 263]	car
img_141711.jpg	[1114, 258, 1152, 314]	car
img_141711.jpg	[929, 300, 981, 365]	motorbike
img_141711.jpg	[996, 241, 1033, 268]	car
img_141711.jpg	[997, 250, 1034, 298]	car
img_141711.jpg	[1017, 264, 1044, 315]	motorbike
img_141711.jpg	[1305, 343, 1338, 406]	motorbike
img_141914.jpg	[948, 264, 1013, 334]	car
img_141914.jpg	[1186, 261, 1247, 340]	car
img_141914.jpg	[1147, 247, 1186, 304]	car
img_141914.jpg	[997, 243, 1038, 293]	car
img_141914.jpg	[1046, 221, 1073, 250]	car
img_141914.jpg	[1028, 231, 1055, 276]	car
img_141914.jpg	[1650, 540, 1922, 790]	truck
img_141914.jpg	[883, 319, 968, 390]	motorbike
img_141914.jpg	[1076, 222, 1102, 249]	car
img_141914.jpg	[933, 306, 981, 363]	motorbike
img_142116.jpg	[1058, 468, 1420, 969]	car
img_142116.jpg	[1056, 242, 1109, 303]	car
img_142116.jpg	[954, 264, 1014, 331]	car
img_142116.jpg	[1211, 371, 1281, 487]	motorbike
img_142116.jpg	[1177, 258, 1247, 338]	car
img_142116.jpg	[998, 244, 1033, 293]	car
img_142116.jpg	[884, 321, 971, 389]	motorbike
img_142116.jpg	[1065, 239, 1106, 271]	car
img_142116.jpg	[1023, 228, 1058, 281]	car
img_142116.jpg	[1128, 225, 1175, 279]	truck
img_142319.jpg	[1184, 298, 1219, 368]	motorbike
img_142319.jpg	[881, 314, 978, 389]	motorbike
img_142319.jpg	[1168, 261, 1246, 330]	car
img_142319.jpg	[991, 244, 1037, 295]	car
img_142319.jpg	[970, 255, 1015, 335]	car
img_142521.jpg	[1763, 751, 1951, 1095]	motorbike
img_142521.jpg	[1089, 392, 1134, 474]	motorbike
img_142521.jpg	[1169, 260, 1247, 341]	car
img_142521.jpg	[844, 264, 973, 470]	truck
img_142521.jpg	[1277, 357, 1324, 424]	motorbike
img_142521.jpg	[967, 255, 1015, 335]	car
img_142521.jpg	[993, 245, 1039, 296]	car
img_142724.jpg	[1381, 432, 1771, 909]	truck
img_142724.jpg	[846, 266, 971, 468]	truck
img_142724.jpg	[1174, 259, 1248, 343]	car
img_142724.jpg	[962, 257, 1015, 338]	car
img_142724.jpg	[1033, 233, 1059, 262]	car
img_142724.jpg	[994, 244, 1037, 296]	car
img_142724.jpg	[1156, 250, 1199, 289]	car
img_142724.jpg	[1047, 222, 1077, 247]	car
img_142927.jpg	[84, 545, 766, 1322]	car
img_142927.jpg	[1117, 238, 1189, 349]	truck
img_142927.jpg	[1041, 263, 1109, 335]	car
img_142927.jpg	[993, 257, 1022, 321]	car
img_142927.jpg	[936, 260, 1001, 341]	car
img_142927.jpg	[1222, 314, 1278, 358]	motorbike
img_142927.jpg	[1013, 237, 1061, 269]	car
img_142927.jpg	[1020, 220, 1066, 242]	car
img_143129.jpg	[342, 442, 792, 706]	car
img_143129.jpg	[1118, 339, 1353, 451]	car
img_143129.jpg	[1046, 280, 1121, 383]	car
img_143129.jpg	[921, 255, 1003, 364]	truck
img_143129.jpg	[1149, 255, 1181, 298]	car
img_143129.jpg	[988, 255, 1022, 322]	car
img_143129.jpg	[1012, 236, 1053, 267]	car
img_143129.jpg	[1537, 342, 1601, 412]	motorbike
img_143129.jpg	[222, 1079, 1825, 1540]	truck
img_143331.jpg	[1, 524, 823, 1506]	truck
img_143331.jpg	[940, 257, 1007, 342]	car
img_143331.jpg	[1008, 241, 1056, 271]	car
img_143331.jpg	[998, 266, 1025, 309]	car
img_143534.jpg	[997, 268, 1025, 310]	car
img_143534.jpg	[1146, 247, 1183, 302]	car
img_143534.jpg	[1210, 302, 1255, 354]	motorbike
img_143534.jpg	[935, 259, 1004, 341]	car
img_143534.jpg	[1018, 237, 1050, 270]	car
img_143534.jpg	[1073, 241, 1099, 264]	car
img_143534.jpg	[1002, 245, 1031, 270]	car
img_143534.jpg	[1133, 242, 1164, 274]	car
img_143737.jpg	[1298, 548, 1838, 1161]	car
img_143737.jpg	[30, 349, 279, 629]	car
img_143737.jpg	[899, 313, 1056, 439]	car
img_143737.jpg	[1214, 305, 1275, 356]	motorbike
img_143737.jpg	[996, 264, 1028, 314]	car
img_143737.jpg	[1072, 242, 1093, 297]	motorbike
img_143737.jpg	[1154, 309, 1178, 359]	motorbike
img_143737.jpg	[1014, 238, 1056, 272]	car
img_143737.jpg	[1147, 246, 1185, 295]	car
img_143737.jpg	[1130, 237, 1168, 275]	car
img_144141.jpg	[1717, 763, 1915, 1112]	motorbike
img_144141.jpg	[942, 257, 1009, 340]	car
img_144141.jpg	[1093, 245, 1131, 290]	car
img_144141.jpg	[1148, 253, 1190, 298]	car
img_144141.jpg	[61, 563, 1027, 1492]	car
img_144141.jpg	[1211, 306, 1275, 357]	motorbike
img_144141.jpg	[995, 263, 1025, 313]	car
img_144141.jpg	[979, 227, 1027, 272]	car
img_144141.jpg	[1182, 283, 1214, 336]	motorbike
img_144141.jpg	[1022, 235, 1051, 270]	car
img_144141.jpg	[893, 313, 966, 366]	motorbike
img_144141.jpg	[1205, 288, 1247, 348]	motorbike
img_144141.jpg	[980, 225, 1024, 251]	car
img_144344.jpg	[1821, 529, 2045, 963]	car
img_144344.jpg	[1212, 302, 1282, 356]	motorbike
img_144344.jpg	[1024, 226, 1060, 249]	car
img_144344.jpg	[932, 239, 1023, 395]	truck
img_144344.jpg	[1148, 244, 1191, 301]	car
img_144344.jpg	[1121, 248, 1152, 283]	car
img_144344.jpg	[1052, 219, 1077, 247]	car
img_144344.jpg	[1080, 224, 1104, 248]	car
img_144547.jpg	[1166, 360, 1408, 513]	car
img_144547.jpg	[891, 333, 1011, 531]	truck
img_144547.jpg	[935, 257, 1014, 335]	car
img_144547.jpg	[1191, 285, 1258, 351]	motorbike
img_144547.jpg	[1252, 297, 1305, 355]	motorbike
img_144547.jpg	[1148, 246, 1186, 300]	car
img_144547.jpg	[997, 251, 1034, 294]	car
img_144547.jpg	[1014, 234, 1057, 264]	car
img_144547.jpg	[1108, 223, 1144, 252]	car
img_144547.jpg	[1023, 224, 1064, 250]	car
img_144952.jpg	[839, 378, 1081, 644]	car
img_144952.jpg	[1631, 880, 1962, 1360]	motorbike
img_144952.jpg	[1074, 257, 1114, 291]	car
img_144952.jpg	[1148, 248, 1192, 309]	car
img_144952.jpg	[894, 327, 953, 387]	motorbike
img_144952.jpg	[939, 257, 1006, 335]	car
img_144952.jpg	[993, 252, 1030, 295]	car
img_144952.jpg	[935, 304, 975, 364]	motorbike
img_144952.jpg	[1018, 236, 1051, 274]	car
img_144952.jpg	[1074, 236, 1113, 271]	car
img_144952.jpg	[1190, 287, 1254, 350]	motorbike
img_144952.jpg	[0, 596, 260, 1073]	truck
img_144952.jpg	[1076, 223, 1114, 248]	car
img_145154.jpg	[1333, 584, 1448, 816]	motorbike
img_145154.jpg	[1155, 258, 1201, 323]	car
img_145154.jpg	[975, 890, 1121, 1099]	motorbike
img_145154.jpg	[842, 378, 965, 437]	motorbike
img_145154.jpg	[1008, 236, 1047, 280]	car
img_145154.jpg	[1064, 241, 1102, 276]	car
img_145154.jpg	[945, 257, 1010, 323]	car
img_145154.jpg	[1001, 250, 1030, 293]	car
img_145154.jpg	[1203, 301, 1286, 359]	motorbike
img_145154.jpg	[960, 302, 1000, 363]	motorbike
img_62998.jpg	[1781, 568, 2039, 993]	car
img_62998.jpg	[957, 262, 1009, 329]	car
img_62998.jpg	[1069, 246, 1113, 290]	car
img_62998.jpg	[1020, 229, 1047, 267]	car
img_62998.jpg	[1151, 251, 1206, 302]	car
img_62998.jpg	[1075, 221, 1103, 242]	car
img_62998.jpg	[1188, 282, 1258, 352]	motorbike
img_62998.jpg	[1128, 242, 1160, 273]	car
img_62998.jpg	[1054, 225, 1075, 248]	car
img_62998.jpg	[1072, 244, 1107, 271]	car
img_62998.jpg	[1105, 228, 1129, 248]	car
img_62998.jpg	[1108, 235, 1132, 259]	car
img_63401.jpg	[1781, 571, 2036, 992]	car
img_63401.jpg	[956, 262, 1010, 327]	car
img_63401.jpg	[1014, 229, 1047, 269]	car
img_63401.jpg	[1150, 251, 1206, 298]	car
img_63401.jpg	[1077, 225, 1101, 246]	car
img_63401.jpg	[940, 324, 979, 374]	motorbike
img_63401.jpg	[1047, 226, 1069, 248]	car
img_63401.jpg	[1124, 239, 1155, 269]	car
img_63401.jpg	[911, 326, 947, 378]	motorbike
img_63401.jpg	[1200, 303, 1259, 354]	motorbike
img_63401.jpg	[1105, 228, 1134, 247]	car
img_63401.jpg	[1130, 249, 1162, 284]	car
img_63604.jpg	[983, 308, 1107, 453]	car
img_63604.jpg	[1781, 572, 2040, 991]	car
img_63604.jpg	[955, 262, 1013, 324]	car
img_63604.jpg	[1071, 259, 1121, 313]	car
img_63604.jpg	[1013, 228, 1049, 268]	car
img_63604.jpg	[926, 301, 977, 375]	motorbike
img_63604.jpg	[1200, 303, 1256, 354]	motorbike
img_63604.jpg	[910, 326, 946, 377]	motorbike
img_63604.jpg	[1179, 285, 1228, 342]	motorbike
img_63604.jpg	[1147, 266, 1199, 316]	motorbike
img_63807.jpg	[1357, 342, 1548, 462]	car
img_63807.jpg	[956, 262, 1011, 328]	car
img_63807.jpg	[1617, 651, 1745, 919]	motorbike
img_63807.jpg	[1014, 229, 1045, 269]	car
img_63807.jpg	[1110, 254, 1132, 293]	motorbike
img_63807.jpg	[1152, 250, 1207, 305]	car
img_63807.jpg	[1197, 282, 1257, 353]	motorbike
img_63807.jpg	[1127, 248, 1159, 288]	motorbike
img_63807.jpg	[1056, 233, 1086, 260]	car
img_63807.jpg	[1050, 223, 1080, 245]	car
img_63807.jpg	[1078, 221, 1106, 249]	car
img_63807.jpg	[922, 298, 978, 377]	motorbike
img_63807.jpg	[913, 325, 947, 378]	motorbike
img_64009.jpg	[956, 261, 1015, 327]	car
img_64009.jpg	[1048, 258, 1097, 316]	car
img_64009.jpg	[1646, 626, 1798, 903]	motorbike
img_64009.jpg	[1019, 230, 1054, 264]	car
img_64009.jpg	[1079, 223, 1103, 248]	car
img_64009.jpg	[1151, 251, 1203, 303]	car
img_64009.jpg	[1050, 224, 1074, 250]	car
img_64009.jpg	[1104, 226, 1128, 248]	car
img_64009.jpg	[942, 323, 979, 375]	motorbike
img_64009.jpg	[1132, 249, 1160, 286]	car
img_64009.jpg	[1128, 241, 1156, 270]	car
img_64009.jpg	[911, 327, 946, 377]	motorbike
img_64009.jpg	[1003, 256, 1026, 287]	car
img_64211.jpg	[578, 372, 940, 592]	car
img_64211.jpg	[954, 261, 1010, 329]	car
img_64211.jpg	[1066, 251, 1113, 306]	car
img_64211.jpg	[1151, 250, 1202, 301]	car
img_64211.jpg	[1022, 269, 1044, 305]	motorbike
img_64211.jpg	[1208, 304, 1258, 355]	motorbike
img_64211.jpg	[1175, 277, 1225, 344]	motorbike
img_64211.jpg	[903, 322, 956, 378]	motorbike
img_64211.jpg	[1136, 249, 1167, 285]	car
img_64211.jpg	[1022, 223, 1053, 255]	car
img_64414.jpg	[549, 340, 845, 524]	car
img_64414.jpg	[1092, 249, 1139, 308]	car
img_64414.jpg	[957, 262, 1012, 327]	car
img_64414.jpg	[1019, 229, 1052, 262]	car
img_64414.jpg	[1049, 218, 1080, 251]	car
img_64414.jpg	[1146, 253, 1209, 306]	car
img_64414.jpg	[1191, 283, 1253, 350]	motorbike
img_64414.jpg	[937, 324, 979, 374]	motorbike
img_64414.jpg	[909, 326, 949, 378]	motorbike
img_64414.jpg	[1080, 217, 1118, 245]	car
img_64617.jpg	[330, 333, 637, 522]	car
img_64617.jpg	[956, 262, 1012, 326]	car
img_64617.jpg	[7, 408, 160, 551]	motorbike
img_64617.jpg	[1113, 268, 1170, 341]	car
img_64617.jpg	[1019, 227, 1049, 263]	car
img_64617.jpg	[1194, 279, 1264, 353]	car
img_64617.jpg	[1049, 221, 1081, 256]	car
img_64617.jpg	[1073, 214, 1119, 250]	car
img_64617.jpg	[2005, 539, 2049, 711]	car
img_64617.jpg	[1154, 250, 1207, 295]	car
img_64617.jpg	[914, 326, 946, 377]	motorbike
img_64617.jpg	[1120, 240, 1163, 264]	car
img_64617.jpg	[943, 322, 978, 374]	motorbike
img_65021.jpg	[954, 262, 1011, 328]	car
img_65021.jpg	[318, 424, 467, 558]	motorbike
img_65021.jpg	[1150, 251, 1205, 301]	car
img_65021.jpg	[1050, 217, 1076, 246]	car
img_65021.jpg	[1023, 228, 1056, 263]	car
img_65021.jpg	[1200, 302, 1260, 355]	motorbike
img_65021.jpg	[906, 323, 950, 377]	motorbike
img_65021.jpg	[941, 320, 977, 374]	motorbike
img_65021.jpg	[1125, 241, 1158, 272]	car
img_65224.jpg	[957, 262, 1011, 327]	car
img_65224.jpg	[38, 397, 170, 521]	motorbike
img_65224.jpg	[1148, 251, 1208, 300]	car
img_65224.jpg	[1051, 219, 1078, 245]	car
img_65224.jpg	[1028, 231, 1054, 264]	car
img_65224.jpg	[1130, 250, 1163, 283]	car
img_65224.jpg	[944, 322, 978, 373]	motorbike
img_65224.jpg	[1026, 224, 1054, 249]	car
img_65224.jpg	[912, 326, 947, 377]	motorbike
img_65224.jpg	[1125, 244, 1152, 270]	car
img_65224.jpg	[1190, 282, 1253, 352]	car
img_65224.jpg	[1082, 222, 1103, 248]	car
img_65427.jpg	[1253, 422, 1573, 829]	car
img_65427.jpg	[956, 262, 1014, 327]	car
img_65427.jpg	[1020, 227, 1052, 263]	car
img_65427.jpg	[1078, 233, 1110, 265]	motorbike
img_65427.jpg	[1048, 220, 1079, 247]	car
img_65427.jpg	[1152, 249, 1205, 305]	car
img_65427.jpg	[899, 324, 961, 378]	motorbike
img_65427.jpg	[1185, 280, 1266, 353]	motorbike
img_65832.jpg	[1259, 403, 1490, 703]	car
img_65832.jpg	[957, 262, 1012, 329]	car
img_65832.jpg	[1019, 227, 1053, 264]	car
img_65832.jpg	[1048, 222, 1080, 247]	car
img_65832.jpg	[948, 326, 978, 375]	motorbike
img_65832.jpg	[1125, 240, 1165, 272]	car
img_65832.jpg	[1148, 273, 1201, 343]	motorbike
img_65832.jpg	[1146, 249, 1206, 295]	car
img_65832.jpg	[903, 324, 949, 376]	motorbike
img_66034.jpg	[601, 334, 863, 490]	car
img_66034.jpg	[1279, 221, 2049, 1325]	bus
img_66034.jpg	[957, 262, 1011, 328]	car
img_66034.jpg	[1020, 227, 1053, 264]	car
img_66034.jpg	[1051, 220, 1082, 247]	car
img_66034.jpg	[1154, 251, 1208, 302]	car
img_66034.jpg	[1196, 303, 1265, 358]	motorbike
img_66034.jpg	[1078, 224, 1105, 246]	car
img_66034.jpg	[1113, 248, 1138, 285]	motorbike
img_66034.jpg	[1173, 290, 1224, 341]	motorbike
img_66034.jpg	[890, 322, 959, 378]	motorbike
img_66237.jpg	[957, 262, 1011, 322]	car
img_66237.jpg	[0, 300, 53, 464]	car
img_66237.jpg	[1020, 229, 1052, 263]	car
img_66237.jpg	[1152, 251, 1208, 305]	car
img_66237.jpg	[1049, 223, 1079, 247]	car
img_66237.jpg	[913, 324, 948, 378]	motorbike
img_66237.jpg	[1192, 298, 1268, 358]	motorbike
img_66642.jpg	[1411, 462, 1585, 630]	motorbike
img_66642.jpg	[954, 263, 1012, 325]	car
img_66642.jpg	[1013, 226, 1050, 267]	car
img_66642.jpg	[1140, 285, 1214, 351]	car
img_66642.jpg	[1176, 311, 1228, 391]	motorbike
img_66642.jpg	[1147, 252, 1204, 292]	car
img_66642.jpg	[1165, 309, 1196, 387]	motorbike
img_66642.jpg	[1050, 219, 1077, 250]	car
img_66642.jpg	[1136, 248, 1165, 287]	car
img_66845.jpg	[926, 299, 977, 362]	motorbike
img_66845.jpg	[1066, 247, 1107, 289]	car
img_66845.jpg	[957, 263, 1010, 328]	car
img_66845.jpg	[1022, 260, 1041, 290]	motorbike
img_66845.jpg	[1152, 251, 1203, 303]	car
img_66845.jpg	[1191, 281, 1255, 354]	motorbike
img_66845.jpg	[1020, 231, 1047, 263]	car
img_66845.jpg	[1023, 226, 1050, 250]	car
img_66845.jpg	[1069, 241, 1106, 268]	car
img_66845.jpg	[1140, 250, 1164, 286]	car
img_66845.jpg	[1076, 225, 1102, 245]	car
img_67047.jpg	[1147, 283, 1270, 381]	car
img_67047.jpg	[956, 263, 1011, 328]	car
img_67047.jpg	[1070, 261, 1135, 336]	car
img_67047.jpg	[927, 299, 978, 362]	motorbike
img_67047.jpg	[1013, 228, 1049, 267]	car
img_67047.jpg	[1150, 252, 1207, 294]	car
img_67047.jpg	[330, 280, 649, 490]	truck
img_67047.jpg	[1127, 253, 1162, 289]	car
img_67047.jpg	[1079, 225, 1103, 246]	car
img_67452.jpg	[956, 263, 1012, 327]	car
img_67452.jpg	[927, 299, 977, 362]	motorbike
img_67452.jpg	[1014, 229, 1052, 267]	car
img_67452.jpg	[1657, 396, 1728, 514]	motorbike
img_67452.jpg	[1126, 249, 1163, 287]	car
img_67452.jpg	[1149, 251, 1200, 300]	car
img_67452.jpg	[1051, 226, 1077, 246]	car
img_67452.jpg	[1072, 225, 1098, 244]	car
img_67452.jpg	[1189, 301, 1261, 355]	motorbike
img_67452.jpg	[1114, 251, 1144, 283]	car
img_67655.jpg	[958, 262, 1012, 326]	car
img_67655.jpg	[1015, 227, 1050, 268]	car
img_67655.jpg	[927, 298, 978, 361]	motorbike
img_67655.jpg	[1064, 279, 1088, 337]	motorbike
img_67655.jpg	[1149, 252, 1200, 299]	car
img_67655.jpg	[504, 315, 919, 602]	car
img_67655.jpg	[1069, 235, 1096, 273]	car
img_67655.jpg	[1135, 249, 1165, 287]	car
img_67655.jpg	[1049, 223, 1072, 247]	car
img_67655.jpg	[1195, 303, 1264, 357]	motorbike
img_67655.jpg	[1074, 223, 1101, 246]	car
img_67858.jpg	[726, 335, 955, 486]	car
img_67858.jpg	[957, 263, 1012, 327]	car
img_67858.jpg	[1012, 230, 1051, 267]	car
img_67858.jpg	[924, 300, 979, 363]	motorbike
img_67858.jpg	[1148, 252, 1206, 303]	car
img_67858.jpg	[1061, 304, 1099, 365]	motorbike
img_67858.jpg	[1121, 249, 1163, 287]	car
img_67858.jpg	[1046, 226, 1075, 248]	car
img_67858.jpg	[1192, 301, 1264, 355]	motorbike
img_68262.jpg	[956, 262, 1012, 326]	car
img_68262.jpg	[927, 299, 978, 362]	motorbike
img_68262.jpg	[1329, 434, 1404, 569]	motorbike
img_68262.jpg	[1014, 227, 1051, 268]	car
img_68262.jpg	[1152, 251, 1207, 304]	car
img_68262.jpg	[1085, 219, 1111, 250]	car
img_68262.jpg	[1196, 301, 1267, 355]	motorbike
img_68465.jpg	[958, 263, 1012, 327]	car
img_68465.jpg	[1154, 253, 1208, 320]	car
img_68465.jpg	[1103, 255, 1151, 316]	car
img_68465.jpg	[926, 297, 979, 362]	motorbike
img_68465.jpg	[1086, 221, 1111, 249]	car
img_68465.jpg	[1052, 225, 1080, 249]	car
img_68465.jpg	[1026, 250, 1047, 284]	motorbike
img_68465.jpg	[1023, 226, 1053, 249]	car
img_68465.jpg	[1187, 279, 1261, 351]	car
img_68668.jpg	[1339, 365, 1596, 537]	car
img_68668.jpg	[958, 263, 1011, 327]	car
img_68668.jpg	[1013, 227, 1052, 266]	car
img_68668.jpg	[927, 299, 978, 362]	motorbike
img_68668.jpg	[1151, 251, 1206, 302]	car
img_68668.jpg	[1099, 227, 1131, 249]	car
img_68668.jpg	[1049, 224, 1077, 248]	car
img_68668.jpg	[1074, 223, 1095, 245]	car
img_68668.jpg	[1110, 233, 1136, 259]	car
img_68668.jpg	[1134, 248, 1168, 286]	car
img_68870.jpg	[461, 530, 900, 1030]	car
img_68870.jpg	[957, 263, 1011, 328]	car
img_68870.jpg	[1091, 255, 1139, 302]	car
img_68870.jpg	[1014, 228, 1052, 267]	car
img_68870.jpg	[925, 300, 979, 363]	motorbike
img_68870.jpg	[1156, 252, 1206, 306]	car
img_68870.jpg	[1106, 224, 1131, 248]	car
img_68870.jpg	[1050, 227, 1073, 246]	car
img_68870.jpg	[1196, 302, 1261, 355]	motorbike
img_68870.jpg	[1078, 222, 1103, 242]	car
img_69072.jpg	[958, 263, 1011, 326]	car
img_69072.jpg	[1013, 227, 1050, 267]	car
img_69072.jpg	[926, 297, 978, 361]	motorbike
img_69072.jpg	[1136, 286, 1197, 343]	motorbike
img_69072.jpg	[1067, 239, 1099, 268]	car
img_69072.jpg	[1149, 251, 1208, 299]	car
img_69072.jpg	[1051, 224, 1075, 248]	car
img_69072.jpg	[1080, 224, 1105, 243]	car
img_69072.jpg	[1197, 299, 1264, 356]	motorbike
img_69072.jpg	[1107, 225, 1130, 248]	car
img_69275.jpg	[958, 262, 1010, 329]	car
img_69275.jpg	[926, 298, 977, 361]	motorbike
img_69275.jpg	[1044, 529, 1146, 745]	motorbike
img_69275.jpg	[1011, 226, 1051, 266]	car
img_69275.jpg	[1154, 250, 1208, 303]	car
img_69275.jpg	[1397, 291, 1490, 417]	motorbike
img_69275.jpg	[1049, 220, 1077, 248]	car
img_69275.jpg	[1122, 236, 1174, 272]	car
img_69275.jpg	[1079, 222, 1107, 244]	car
img_69275.jpg	[1105, 226, 1131, 249]	car
img_69478.jpg	[778, 410, 1052, 663]	car
img_69478.jpg	[957, 262, 1012, 328]	car
img_69478.jpg	[926, 297, 979, 361]	motorbike
img_69478.jpg	[1419, 317, 1519, 476]	car
img_69478.jpg	[1038, 238, 1076, 272]	car
img_69478.jpg	[1154, 250, 1209, 305]	car
img_69478.jpg	[1012, 230, 1047, 267]	car
img_69478.jpg	[1077, 239, 1106, 265]	car
img_69478.jpg	[1106, 231, 1134, 266]	car
img_69478.jpg	[1197, 301, 1257, 354]	motorbike
img_69478.jpg	[1129, 238, 1159, 271]	car
img_69478.jpg	[1180, 288, 1224, 343]	motorbike
img_69680.jpg	[499, 330, 776, 497]	car
img_69680.jpg	[1174, 299, 1330, 393]	car
img_69680.jpg	[1016, 227, 1054, 272]	car
img_69680.jpg	[1070, 240, 1107, 277]	car
img_69680.jpg	[915, 276, 1014, 391]	truck
img_69680.jpg	[1153, 248, 1211, 308]	car
img_69680.jpg	[961, 260, 1007, 287]	car
img_69680.jpg	[963, 261, 1011, 317]	car
img_69680.jpg	[1125, 239, 1158, 271]	car
img_69883.jpg	[1050, 253, 1108, 331]	car
img_69883.jpg	[1011, 227, 1052, 267]	car
img_69883.jpg	[1133, 268, 1233, 404]	truck
img_69883.jpg	[918, 273, 1014, 392]	car
img_69883.jpg	[963, 261, 1005, 286]	car
img_69883.jpg	[1053, 222, 1082, 246]	car
img_69883.jpg	[1075, 223, 1103, 244]	car
img_69883.jpg	[1149, 250, 1212, 285]	car
img_69883.jpg	[1106, 226, 1129, 247]	car
img_69883.jpg	[1132, 234, 1166, 272]	car
img_69883.jpg	[965, 263, 1010, 315]	car
img_70084.jpg	[1327, 375, 1427, 441]	motorbike
img_70084.jpg	[575, 284, 1051, 731]	truck
img_70084.jpg	[1155, 250, 1208, 308]	car
img_70084.jpg	[1011, 226, 1052, 267]	car
img_70084.jpg	[794, 368, 850, 461]	car
img_70287.jpg	[1515, 256, 1832, 491]	truck
img_70287.jpg	[1049, 286, 1076, 329]	motorbike
img_70287.jpg	[1015, 227, 1051, 268]	car
img_70287.jpg	[963, 259, 1008, 288]	car
img_70287.jpg	[1154, 250, 1208, 307]	car
img_70287.jpg	[965, 260, 1011, 318]	car
img_70287.jpg	[919, 275, 1013, 391]	car
img_70287.jpg	[1200, 302, 1260, 356]	motorbike
img_70287.jpg	[1182, 291, 1220, 341]	motorbike
img_70287.jpg	[1051, 224, 1076, 245]	car
img_70287.jpg	[1108, 227, 1134, 250]	car
img_70287.jpg	[1129, 239, 1163, 271]	car
img_70692.jpg	[940, 305, 1118, 530]	truck
img_70692.jpg	[922, 275, 1000, 392]	car
img_70692.jpg	[1153, 250, 1208, 306]	car
img_70692.jpg	[1091, 250, 1129, 283]	car
img_70692.jpg	[1015, 230, 1050, 267]	car
img_70692.jpg	[962, 259, 1006, 288]	car
img_70692.jpg	[967, 262, 1007, 313]	car
img_70692.jpg	[1188, 285, 1252, 351]	motorbike
img_70692.jpg	[1080, 237, 1102, 261]	car
img_70692.jpg	[1058, 232, 1081, 260]	car
img_70895.jpg	[1263, 407, 1567, 740]	car
img_70895.jpg	[1096, 247, 1139, 299]	car
img_70895.jpg	[954, 261, 1012, 327]	car
img_70895.jpg	[926, 302, 977, 362]	motorbike
img_70895.jpg	[1015, 229, 1050, 266]	car
img_70895.jpg	[1156, 250, 1206, 307]	car
img_70895.jpg	[1191, 285, 1253, 350]	motorbike
img_70895.jpg	[917, 301, 951, 358]	motorbike
img_70895.jpg	[1183, 289, 1226, 343]	motorbike
img_70895.jpg	[1055, 235, 1080, 267]	car
img_70895.jpg	[1077, 237, 1101, 264]	car
img_71097.jpg	[1411, 493, 1814, 931]	car
img_71097.jpg	[955, 263, 1011, 325]	car
img_71097.jpg	[924, 299, 978, 362]	motorbike
img_71097.jpg	[1014, 227, 1053, 266]	car
img_71097.jpg	[1155, 249, 1209, 308]	car
img_71097.jpg	[1102, 232, 1131, 276]	motorbike
img_71097.jpg	[1191, 282, 1252, 351]	motorbike
img_71097.jpg	[1050, 223, 1078, 247]	car
img_71097.jpg	[1078, 223, 1107, 245]	car
img_71097.jpg	[1184, 287, 1226, 344]	motorbike
img_71501.jpg	[655, 434, 992, 799]	car
img_71501.jpg	[954, 264, 1012, 327]	car
img_71501.jpg	[1010, 227, 1051, 266]	car
img_71501.jpg	[920, 300, 978, 361]	motorbike
img_71501.jpg	[1036, 240, 1301, 416]	truck
img_71501.jpg	[1049, 221, 1077, 252]	car
img_71704.jpg	[954, 263, 1011, 328]	car
img_71704.jpg	[1012, 227, 1053, 267]	car
img_71704.jpg	[920, 299, 978, 361]	motorbike
img_71704.jpg	[1101, 224, 1128, 247]	car
img_71704.jpg	[1153, 252, 1208, 320]	car
img_71704.jpg	[1057, 220, 1082, 243]	car
img_71704.jpg	[1079, 222, 1103, 245]	car
img_71704.jpg	[1123, 233, 1159, 271]	car
img_71907.jpg	[955, 263, 1012, 326]	car
img_71907.jpg	[1532, 710, 1757, 1048]	motorbike
img_71907.jpg	[927, 302, 977, 362]	motorbike
img_71907.jpg	[1011, 227, 1051, 265]	car
img_71907.jpg	[1155, 248, 1208, 308]	car
img_71907.jpg	[1101, 222, 1132, 251]	car
img_71907.jpg	[1189, 282, 1252, 351]	motorbike
img_72109.jpg	[750, 391, 1040, 678]	car
img_72109.jpg	[956, 262, 1012, 325]	car
img_72109.jpg	[922, 300, 978, 361]	motorbike
img_72109.jpg	[1012, 227, 1054, 266]	car
img_72109.jpg	[1152, 250, 1210, 308]	car
img_72109.jpg	[1099, 223, 1130, 249]	car
img_72109.jpg	[1051, 224, 1080, 246]	car
img_72109.jpg	[1082, 220, 1105, 248]	car
img_72109.jpg	[1188, 283, 1252, 349]	motorbike
img_72311.jpg	[1536, 523, 1941, 1048]	car
img_72311.jpg	[955, 262, 1012, 325]	car
img_72311.jpg	[1012, 226, 1053, 266]	car
img_72311.jpg	[923, 300, 978, 361]	motorbike
img_72311.jpg	[1162, 250, 1214, 310]	car
img_72311.jpg	[1100, 223, 1130, 247]	car
img_72311.jpg	[1074, 223, 1098, 244]	car
img_72311.jpg	[1047, 224, 1071, 249]	car
img_72311.jpg	[1188, 286, 1252, 349]	motorbike
img_72514.jpg	[953, 262, 1012, 325]	car
img_72514.jpg	[921, 302, 978, 361]	motorbike
img_72514.jpg	[1014, 226, 1057, 266]	car
img_72514.jpg	[1040, 282, 1110, 371]	car
img_72514.jpg	[1078, 220, 1116, 247]	car
img_72514.jpg	[1163, 251, 1214, 308]	car
img_72514.jpg	[1190, 286, 1254, 351]	motorbike
img_72514.jpg	[1098, 235, 1123, 258]	car
img_72514.jpg	[1182, 288, 1224, 345]	motorbike
img_72717.jpg	[954, 263, 1014, 326]	car
img_72717.jpg	[1100, 262, 1127, 314]	motorbike
img_72717.jpg	[919, 298, 979, 360]	motorbike
img_72717.jpg	[1867, 803, 2047, 1583]	car
img_72717.jpg	[1014, 227, 1053, 270]	car
img_72717.jpg	[1163, 251, 1213, 303]	car
img_72717.jpg	[1049, 222, 1075, 246]	car
img_72717.jpg	[1198, 300, 1253, 355]	motorbike
img_72717.jpg	[1177, 287, 1226, 344]	motorbike
img_92765.jpg	[1701, 365, 1838, 477]	car
img_92765.jpg	[954, 100, 1477, 665]	truck
img_92765.jpg	[1689, 627, 1828, 928]	motorbike
img_92765.jpg	[925, 299, 980, 361]	motorbike
img_92968.jpg	[965, 130, 1298, 648]	truck
img_92968.jpg	[1415, 373, 1592, 527]	car
img_92968.jpg	[925, 296, 980, 359]	motorbike
img_93372.jpg	[1027, 269, 1090, 358]	car
img_93372.jpg	[926, 300, 979, 362]	motorbike
img_93372.jpg	[954, 257, 1015, 323]	car
img_93372.jpg	[1013, 229, 1049, 263]	car
img_93372.jpg	[970, 243, 1013, 270]	car
img_93372.jpg	[1213, 307, 1276, 360]	motorbike
img_93372.jpg	[1166, 252, 1209, 296]	car
img_93372.jpg	[1172, 285, 1216, 340]	motorbike
img_93372.jpg	[1060, 221, 1083, 240]	car
img_93575.jpg	[884, 316, 996, 441]	car
img_93575.jpg	[955, 256, 1019, 323]	car
img_93575.jpg	[1162, 328, 1192, 375]	motorbike
img_93575.jpg	[1014, 229, 1052, 264]	car
img_93575.jpg	[1070, 224, 1104, 251]	car
img_93575.jpg	[971, 243, 1014, 269]	car
img_93575.jpg	[1220, 313, 1278, 358]	motorbike
img_93575.jpg	[1057, 224, 1082, 246]	car
img_93778.jpg	[901, 293, 993, 389]	car
img_93778.jpg	[1014, 229, 1052, 266]	car
img_93778.jpg	[958, 256, 1016, 326]	car
img_93778.jpg	[969, 244, 1013, 270]	car
img_93778.jpg	[964, 248, 1015, 290]	car
img_93778.jpg	[1071, 235, 1103, 256]	car
img_93778.jpg	[1161, 249, 1213, 309]	car
img_93778.jpg	[1056, 225, 1082, 246]	car
img_93778.jpg	[1124, 235, 1162, 276]	car
img_93980.jpg	[1370, 453, 1732, 863]	car
img_93980.jpg	[896, 293, 991, 395]	car
img_93980.jpg	[1066, 283, 1141, 353]	car
img_93980.jpg	[1014, 229, 1051, 265]	car
img_93980.jpg	[956, 253, 1017, 327]	car
img_93980.jpg	[1052, 235, 1084, 277]	car
img_93980.jpg	[970, 243, 1012, 269]	car
img_93980.jpg	[1162, 250, 1214, 308]	car
img_93980.jpg	[1203, 304, 1264, 357]	motorbike
img_94182.jpg	[897, 291, 985, 396]	car
img_94182.jpg	[986, 297, 1095, 409]	car
img_94182.jpg	[94, 522, 589, 1052]	truck
img_94182.jpg	[1012, 228, 1053, 265]	car
img_94182.jpg	[963, 251, 1014, 290]	car
img_94182.jpg	[1217, 310, 1276, 360]	motorbike
img_94182.jpg	[969, 243, 1013, 269]	car
img_94182.jpg	[1163, 248, 1213, 306]	car
img_94182.jpg	[1178, 288, 1220, 340]	motorbike
img_94182.jpg	[1057, 223, 1083, 243]	car
img_94385.jpg	[4, 316, 252, 481]	car
img_94385.jpg	[899, 293, 988, 394]	car
img_94385.jpg	[98, 530, 588, 1050]	truck
img_94385.jpg	[1076, 225, 1156, 356]	truck
img_94385.jpg	[1013, 228, 1051, 265]	car
img_94385.jpg	[1014, 276, 1049, 343]	motorbike
img_94385.jpg	[970, 243, 1012, 269]	car
img_94385.jpg	[958, 256, 1015, 321]	car
img_94385.jpg	[1211, 309, 1278, 360]	motorbike
img_94385.jpg	[963, 251, 1013, 293]	car
img_94385.jpg	[1055, 223, 1081, 245]	car
img_94385.jpg	[1176, 292, 1218, 338]	motorbike
img_94385.jpg	[1094, 222, 1142, 243]	car
img_94385.jpg	[965, 295, 1015, 373]	car
img_94588.jpg	[895, 295, 989, 394]	car
img_94588.jpg	[963, 248, 1013, 293]	car
img_94588.jpg	[1028, 432, 1090, 555]	motorbike
img_94588.jpg	[96, 525, 588, 1051]	truck
img_94588.jpg	[1015, 230, 1050, 264]	car
img_94588.jpg	[1213, 303, 1279, 362]	motorbike
img_94588.jpg	[968, 243, 1014, 270]	car
img_94588.jpg	[1054, 249, 1074, 300]	motorbike
img_94588.jpg	[1056, 220, 1089, 252]	car
img_94588.jpg	[1175, 286, 1223, 340]	motorbike
img_94790.jpg	[964, 246, 1014, 290]	car
img_94790.jpg	[1091, 251, 1141, 308]	car
img_94790.jpg	[927, 283, 1041, 387]	car
img_94790.jpg	[1016, 232, 1050, 264]	car
img_94790.jpg	[93, 531, 588, 1050]	truck
img_94790.jpg	[1210, 303, 1278, 362]	motorbike
img_94790.jpg	[1045, 250, 1063, 290]	motorbike
img_94790.jpg	[1176, 284, 1225, 340]	motorbike
img_94993.jpg	[92, 521, 590, 1058]	car
img_94993.jpg	[927, 304, 978, 363]	motorbike
img_94993.jpg	[957, 257, 1018, 324]	car
img_94993.jpg	[1070, 357, 1116, 428]	motorbike
img_94993.jpg	[1050, 252, 1067, 300]	motorbike
img_94993.jpg	[1212, 307, 1278, 360]	motorbike
img_94993.jpg	[1011, 231, 1047, 267]	car
img_94993.jpg	[1084, 233, 1105, 267]	motorbike
img_94993.jpg	[1149, 259, 1207, 330]	motorbike
img_94993.jpg	[967, 243, 1014, 270]	car
img_94993.jpg	[1126, 238, 1150, 278]	motorbike
img_95195.jpg	[958, 252, 1019, 326]	car
img_95195.jpg	[1013, 228, 1052, 267]	car
img_95195.jpg	[1104, 267, 1126, 317]	motorbike
img_95195.jpg	[928, 300, 977, 362]	motorbike
img_95195.jpg	[101, 531, 590, 1049]	truck
img_95195.jpg	[1215, 306, 1278, 361]	motorbike
img_95195.jpg	[1163, 252, 1212, 298]	car
img_95195.jpg	[1055, 225, 1081, 248]	car
img_95195.jpg	[968, 243, 1014, 268]	car
img_95398.jpg	[1139, 311, 1302, 420]	car
img_95398.jpg	[958, 255, 1019, 323]	car
img_95398.jpg	[927, 299, 978, 362]	motorbike
img_95398.jpg	[1269, 430, 1336, 553]	motorbike
img_95398.jpg	[1013, 229, 1053, 265]	car
img_95398.jpg	[1159, 252, 1230, 321]	car
img_95398.jpg	[969, 243, 1013, 269]	car
img_95398.jpg	[1056, 221, 1085, 249]	car
img_95802.jpg	[927, 299, 978, 361]	motorbike
img_95802.jpg	[959, 254, 1018, 326]	car
img_95802.jpg	[1012, 229, 1047, 263]	car
img_95802.jpg	[968, 242, 1011, 269]	car
img_95802.jpg	[1052, 222, 1080, 246]	car
img_95802.jpg	[1074, 225, 1105, 247]	car
img_96004.jpg	[-2, 313, 163, 487]	car
img_96004.jpg	[959, 251, 1017, 327]	car
img_96004.jpg	[1011, 229, 1051, 265]	car
img_96004.jpg	[1048, 223, 1079, 245]	car
img_96004.jpg	[969, 243, 1013, 270]	car
img_96004.jpg	[1116, 260, 1138, 319]	motorbike
img_96004.jpg	[898, 291, 968, 370]	motorbike
img_96004.jpg	[1076, 220, 1106, 247]	car
img_96207.jpg	[664, 482, 951, 799]	car
img_96207.jpg	[958, 254, 1017, 327]	car
img_96207.jpg	[1011, 229, 1051, 266]	car
img_96207.jpg	[1068, 245, 1106, 287]	car
img_96207.jpg	[919, 299, 980, 368]	motorbike
img_96207.jpg	[969, 243, 1012, 266]	car
img_96207.jpg	[1049, 225, 1077, 245]	car
img_96207.jpg	[1159, 252, 1220, 320]	car
img_96207.jpg	[1071, 242, 1103, 269]	car
img_96207.jpg	[1106, 233, 1129, 258]	car
img_96207.jpg	[1128, 235, 1161, 273]	car
img_96207.jpg	[1074, 224, 1100, 246]	car
img_96612.jpg	[548, 494, 955, 919]	car
img_96612.jpg	[3, 1023, 510, 1540]	car
img_96612.jpg	[959, 254, 1020, 326]	car
img_96612.jpg	[1013, 228, 1053, 262]	car
img_96612.jpg	[1077, 224, 1106, 247]	car
img_96612.jpg	[1210, 301, 1280, 363]	motorbike
img_96612.jpg	[1048, 224, 1075, 248]	car
img_96612.jpg	[972, 243, 1012, 269]	car
img_96612.jpg	[918, 295, 979, 370]	motorbike
img_96612.jpg	[1164, 252, 1213, 300]	car
img_96612.jpg	[1181, 286, 1223, 343]	motorbike
img_96815.jpg	[1270, 333, 1474, 449]	car
img_96815.jpg	[1107, 286, 1206, 368]	car
img_96815.jpg	[957, 263, 1017, 325]	car
img_96815.jpg	[1010, 229, 1052, 265]	car
img_96815.jpg	[920, 302, 977, 367]	motorbike
img_96815.jpg	[1220, 304, 1276, 360]	motorbike
img_96815.jpg	[1057, 221, 1085, 243]	car
img_96815.jpg	[970, 244, 1013, 271]	car
img_96815.jpg	[1163, 252, 1214, 298]	car
img_96815.jpg	[1070, 222, 1103, 244]	car
img_97017.jpg	[5, 798, 670, 1541]	car
img_97017.jpg	[1076, 241, 1122, 296]	car
img_97017.jpg	[959, 259, 1016, 326]	car
img_97017.jpg	[1010, 229, 1052, 267]	car
img_97017.jpg	[971, 244, 1013, 270]	car
img_97017.jpg	[1052, 223, 1079, 242]	car
img_97017.jpg	[1164, 252, 1213, 322]	car
img_97017.jpg	[899, 299, 974, 369]	motorbike
img_97017.jpg	[965, 247, 1014, 294]	car
img_97017.jpg	[1213, 303, 1280, 363]	motorbike
img_97422.jpg	[1773, 551, 2048, 953]	car
img_97422.jpg	[1077, 260, 1135, 323]	car
img_97422.jpg	[966, 251, 1017, 326]	car
img_97422.jpg	[1011, 228, 1049, 266]	car
img_97422.jpg	[874, 273, 982, 406]	car
img_97422.jpg	[1179, 286, 1217, 337]	motorbike
img_97422.jpg	[1154, 251, 1186, 295]	car
img_97422.jpg	[1206, 305, 1258, 358]	motorbike
img_97422.jpg	[1170, 273, 1208, 317]	motorbike
img_97422.jpg	[1066, 231, 1098, 260]	car
img_97422.jpg	[1047, 217, 1072, 251]	car
img_97625.jpg	[733, 419, 1036, 727]	car
img_97625.jpg	[874, 276, 982, 402]	car
img_97625.jpg	[966, 256, 1017, 327]	car
img_97625.jpg	[1098, 255, 1118, 297]	motorbike
img_97625.jpg	[1041, 265, 1067, 314]	motorbike
img_97625.jpg	[1016, 231, 1053, 264]	car
img_97625.jpg	[1216, 311, 1278, 364]	motorbike
img_97625.jpg	[1073, 238, 1104, 268]	car
img_97625.jpg	[1050, 224, 1078, 245]	car
img_97625.jpg	[1181, 287, 1222, 339]	motorbike
img_97625.jpg	[1160, 271, 1198, 313]	motorbike
img_97625.jpg	[1192, 289, 1256, 342]	motorbike
img_97625.jpg	[1152, 248, 1184, 297]	motorbike
img_97828.jpg	[54, 546, 795, 1364]	car
img_97828.jpg	[1115, 308, 1228, 430]	car
img_97828.jpg	[966, 252, 1017, 326]	car
img_97828.jpg	[1011, 227, 1055, 266]	car
img_97828.jpg	[1104, 271, 1164, 347]	car
img_97828.jpg	[874, 275, 981, 404]	car
img_97828.jpg	[1056, 222, 1086, 242]	car
img_97828.jpg	[1155, 243, 1199, 270]	car
img_97828.jpg	[1155, 246, 1194, 294]	car
img_97828.jpg	[1088, 223, 1109, 247]	car
img_98232.jpg	[1347, 336, 1584, 449]	car
img_98232.jpg	[1525, 583, 1948, 1116]	car
img_98232.jpg	[874, 275, 982, 403]	car
img_98232.jpg	[966, 255, 1016, 326]	car
img_98232.jpg	[1695, 369, 1843, 468]	car
img_98232.jpg	[1130, 309, 1161, 365]	motorbike
img_98232.jpg	[1012, 228, 1055, 267]	car
img_98232.jpg	[1216, 313, 1279, 365]	motorbike
img_98232.jpg	[1102, 237, 1139, 274]	car
img_98232.jpg	[1072, 224, 1100, 244]	car
img_98232.jpg	[1051, 224, 1080, 246]	car
img_98232.jpg	[1155, 247, 1197, 292]	car
img_98232.jpg	[969, 244, 1012, 271]	car
img_98232.jpg	[1193, 292, 1253, 339]	motorbike
img_98435.jpg	[873, 276, 980, 405]	car
img_98435.jpg	[1096, 268, 1120, 325]	motorbike
img_98435.jpg	[964, 258, 1016, 326]	car
img_98435.jpg	[1215, 311, 1278, 364]	motorbike
img_98435.jpg	[1013, 231, 1050, 266]	car
img_98435.jpg	[1153, 249, 1192, 299]	car
img_98435.jpg	[1178, 288, 1221, 338]	motorbike
img_98435.jpg	[970, 244, 1013, 269]	car
img_98435.jpg	[965, 249, 1012, 297]	car
img_98435.jpg	[1104, 233, 1138, 268]	car
img_98435.jpg	[1190, 288, 1256, 341]	motorbike
img_98435.jpg	[1053, 223, 1082, 244]	car
img_98638.jpg	[722, 432, 1006, 760]	car
img_98638.jpg	[1085, 276, 1148, 337]	car
img_98638.jpg	[989, 271, 1051, 357]	car
img_98638.jpg	[873, 274, 983, 404]	car
img_98638.jpg	[1214, 312, 1279, 364]	motorbike
img_98638.jpg	[966, 249, 1007, 287]	car
img_98638.jpg	[1011, 231, 1050, 263]	car
img_98638.jpg	[1057, 225, 1082, 243]	car
img_98840.jpg	[1078, 272, 1151, 342]	car
img_98840.jpg	[988, 271, 1054, 357]	car
img_98840.jpg	[873, 280, 981, 410]	truck
img_98840.jpg	[1215, 309, 1278, 365]	motorbike
img_98840.jpg	[1010, 233, 1052, 269]	car
img_98840.jpg	[968, 243, 1011, 273]	car
img_98840.jpg	[1053, 223, 1082, 244]	car
img_98840.jpg	[1105, 232, 1137, 271]	car
img_98840.jpg	[1179, 287, 1220, 338]	motorbike
img_99042.jpg	[988, 269, 1052, 358]	car
img_99042.jpg	[1815, 648, 1945, 938]	motorbike
img_99042.jpg	[1212, 305, 1278, 366]	motorbike
img_99042.jpg	[874, 274, 980, 407]	car
img_99042.jpg	[969, 243, 1010, 274]	car
img_99042.jpg	[1011, 231, 1051, 266]	car
img_99042.jpg	[1156, 271, 1194, 315]	motorbike
img_99042.jpg	[1181, 289, 1220, 339]	motorbike
img_99245.jpg	[1342, 332, 1560, 458]	car
img_99245.jpg	[988, 272, 1053, 357]	car
img_99245.jpg	[873, 274, 982, 404]	car
img_99245.jpg	[1151, 247, 1187, 297]	car
img_99245.jpg	[1011, 228, 1054, 266]	car
img_99245.jpg	[969, 243, 1012, 272]	car
img_99245.jpg	[1218, 307, 1281, 365]	motorbike
img_99245.jpg	[1057, 224, 1084, 245]	car
img_99245.jpg	[1128, 238, 1152, 275]	car
img_99245.jpg	[1102, 227, 1130, 250]	car
img_99448.jpg	[1434, 525, 1560, 746]	motorbike
img_99448.jpg	[965, 253, 1017, 327]	car
img_99448.jpg	[-2, 847, 575, 1539]	car
img_99448.jpg	[1059, 294, 1089, 336]	motorbike
img_99448.jpg	[1013, 229, 1054, 266]	car
img_99448.jpg	[1212, 309, 1278, 365]	motorbike
img_99448.jpg	[873, 275, 982, 401]	car
img_99448.jpg	[1057, 223, 1087, 245]	car
img_99448.jpg	[1153, 246, 1190, 299]	car
img_99448.jpg	[1155, 264, 1180, 323]	motorbike
img_99448.jpg	[1107, 226, 1134, 250]	car
img_99650.jpg	[965, 248, 1016, 328]	car
img_99650.jpg	[873, 275, 982, 402]	car
img_99650.jpg	[1013, 228, 1050, 267]	car
img_99650.jpg	[1215, 308, 1278, 365]	motorbike
img_99650.jpg	[1100, 246, 1118, 300]	motorbike
img_99650.jpg	[1153, 260, 1184, 325]	motorbike
img_99650.jpg	[1055, 223, 1083, 248]	car
img_99650.jpg	[1143, 248, 1162, 288]	motorbike
img_99650.jpg	[1188, 287, 1223, 343]	motorbike
img_99650.jpg	[1079, 221, 1105, 244]	car
img_99650.jpg	[1105, 224, 1130, 248]	car
img_99853.jpg	[873, 275, 981, 404]	car
img_99853.jpg	[967, 254, 1016, 327]	car
img_99853.jpg	[1012, 228, 1050, 267]	car
img_99853.jpg	[1216, 310, 1276, 364]	motorbike
img_99853.jpg	[1052, 270, 1091, 307]	motorbike
img_99853.jpg	[1183, 292, 1221, 341]	motorbike
img_99853.jpg	[1046, 222, 1081, 250]	car
img_99853.jpg	[2010, 565, 2048, 697]	motorbike
img_99853.jpg	[1132, 248, 1158, 289]	motorbike
img_99853.jpg	[1161, 267, 1196, 315]	motorbike
img_99853.jpg	[1189, 287, 1256, 346]	motorbike
img_99853.jpg	[1072, 224, 1096, 245]	car
img_99853.jpg	[1107, 228, 1133, 250]	car
